id,text,label
1,"너도 나도 창의성, 발상의 전환이 필요하다고 외칩니다. 하지만 주구장창 발상의 전환에만 매몰되는 것이 혁신이 아닙니다. 가장 중요한 것은 기본에 충실히 하는 것입니다. 탄탄한 기본이 뒷받침된 상태에서 적재적소에 발상의 전환이 가미될 때 남들과 차별화된 결과를 얻을 수 있고, 이런 결과물이 혁신으로 인정받는 것입니다. 결과가 뒤따르지 않는 창의성, 혁신은 잠깐의 일탈일 뿐 인정받을 수 없습니다.",1
2,"다양한 현장을 넘나들고 취재한 경험을 통해 통합적 인재로 한발 나아갈 수 있었습니다. 최근 유행하는 겉핥기식 인문학 공부보다는 사안의 핵심을 좇으며 논리적 허점을 발견해내는 실용적인 기자적 특성을 기를 수 있었습니다. 또한 어릴 적부터 한자를 배워 사용했던 터라 2급 정도는 준비 없이 합격했습니다. 일례로 지난 50년간의 한문 자료를 정리하는 업무를 맡았습니다. 다른 직원들이 애를 먹는 한자들을 막힘없이 읽을 수 있어 월등히 빠른 속도로 업무를 처리했습니다.

이외에도 저는 학창시절 일탈부터 입시까지 수차례 실패하고 방황했고, 노가다와 택배알바부터 학원 강사 및 고액과외까지 여러 가지를 경험했습니다. 이런 다양한 삶을 맞닥뜨려온 경험과 계열을 넘나드는 특징이 앞으로의 시대에 필요한 통합적 인재상에 걸맞은 장점이라고 생각합니다.",1
3,"전략적 소통

소통은 끊임없이 벌어집니다. 선의를 가진 사람과 소통할 경우엔 문제가 없겠지만, 선의가 없거나 오히려 적의를 가진 사람들과 소통할 경우가 많습니다.

지난여름, 세탁소에 맡긴 코트가 분실됐습니다. 찾는 것이 우선이라 아저씨께 일주일 정도 찾아보고 없으면 배상을 요구했습니다. 하지만 겨울까진 기다리라는 말 뿐, 오히려 접수증 발급이나 접수 내용을 입력하지 않아서 세탁물을 받은 증거가 없으니 안 받았다고 하면 된다는 것이었습니다. 억울했지만 싸워봤자 해결은 소원할 것 같아 일단 기다리기로 했습니다. 이후 소비자원을 통해 세탁물 접수를 시인하는 녹취도 증거가 된다는 것을 알아내고는 바로 세탁물 수령을 인정할 예상 대본을 준비했습니다. 매달 진행상황을 물으며 녹음했고 12월에 찾아갔습니다. 처음엔 잡아뗐지만 바로 증거로 삼을 녹취파일을 제시하고 신고하려 하자 배상해줬습니다.

이처럼 어차피 불가피한 상황이라면 갈등을 키우기보다는 상황에 맞는 전략적인 소통이 매우 중요하다고 생각합니다.
",1
4,"저의 친한 친구들은 저를 보고 항상 열심히 살며, 힘차 보인다고 하며 체험 삶의 현장과 같다고 합니다. 이러한 이야기는 고등학교을 입학하고 많이 들었습니다. 저희 부모님께서는 요식업 사업을 몇 차례 하셨습니다. 그러나 사업이 매번 실패를 하셨고, 집의 경제사정도 많이 힘들어져서 부모님의 짐을 덜어드리고자 공부보다는 동대문에서 일을 하며 집안에 기둥이 되며 살아왔습니다. 그렇게 벌은 돈은, 일부는 용돈으로 쓰고, 나머지는 부모님에게 드렸습니다. 그리고 이 생활은 대학입학 후에도 이어졌고, 4년간 부모님의 금전적 도움 없이 손수 학비를 내며 학교를 다녔습니다. 얼마 전 부모님과 집에서 술을 한잔 할 때, 부모님께서는 부모의 역할을 제대로 하지 못해서 미안하다고 하였습니다. 그러나 오히려 저는 부모님에게 감사하였습니다. 공부만 하였더라면 지금의 사회경험, 많은 아르바이트로 채우고 배운 역량을 알 수 없었기 때문입니다. 저는 이론적인, 전문적인 지식은 남들에 비하여 많이 부족합니다. 그러나 남들보다 더 많은 아르바이트 경험을 통하여 일을 할 때 무엇에 중점을 두어야 하는지, 어떠한 역량이 필요한지, 경우의 수, 대처의 방법, 문제 해결 방법은 누구보다 뛰어나다고 생각합니다.",1
5,"많은 아르바이트를 하며 진로에 대한 탐색을 해보았습니다. 영업, 사무, 군인, 유통 등을 하며 많은 진로를 탐색하였고, 제가 지금까지 많은 사람들을 접하며 사람을 대하는 방법, 고객 서비스 정신, ROTC를 지내며 배운 리더십을 가장 크게 활용할 수 있는 곳이 유통이라는 확신이 들었습니다. 비록, 법학과를 나와 유통에 대한 전문적인 지식은 많이 부족합니다. 그러나 지식이 아닌 역량은 누구보다 뛰어나다고 확신합니다. 이러한 지식적인 측면을 보충하기 위하여 현재 유통관리사, 물류관리사를

",1
6,"많은 사람들은 저를 보고 멍부라 합니다. 멍부는 멍청하지만 부지런하다라는 속어입니다. 저는 항상 최고가 되기 위하여 남이 출근하기 전 가장 먼저 출근을 하여, 남보다 한번을 더 보고·확인합니다. 또한 퇴근하기 전에도 확인사항 준비와 체크, 우발사항 대비 근무사항을 확인하고 퇴근을 해왔습니다. 이러한 저를 보며, 많은 사람들은 아까 확인한 사항을 왜 다시 확인을 하느냐고 물어봅니다. 그럴 때마다 저는 ""항상 사람은 실수를 할 수 있고, 제가 확실히 확인해야 마음이 편합니다.""라고 합니다. 이러한 저를 보고 타인들은 멍청한 것인지 부지런하고 꼼꼼한 건지 모르겠다고 합니다.",1
7,"아르바이트 초기에는, 프로모션, 판촉 등이 고객들의 만족과 감동을 가져다 줄 것이라 생각하였습니다. 구매 금액에 대해 최대 효율을 발휘해야 한다는 생각이 강하였습니다. 그러나 시간이 지나고, 일을 하며, 퇴근할 때 장을 보며 가장 중요한 것은 사소한 불편함을 제거하여 고객에게 만족감을 제공하고 불만족과 불편함을 최소화 하자는 것이었습니다.새창",1
8,언제나 집안에 행복한 웃음소리가 끊이지 않는 즐거움이 넘치는 저희 집은 남들 모두 부러워하는 가정 이였습니다. 대학생인 남동생과 함께 화목하고 행복한 가정에서 자랐습니다. 저희 부모님께서는 교육데 대해서는 지금도 엄격하시지만 어린 시절부터 굉장히 예의를 중요하게 여기시고 키워주셨습니다. 그런 부모님이 가끔 미울 적도 있었지만 지금의 와서 느껴지는 것은 모든 충고가 나의 꿈을 이루기 위하여 하셨던 방침이라는 것을 깨닫고 너무 감사하였습니다. 저는 자신을 챙기기 보다는 상대방에 대한 배려가 더 많은 편입니다. 어렸을 때부터 장남으로 자라왔기 때문에 친구들과 주변사람들을 가장 중요하게 챙기는 성격입니다. 제가 장남으로 자라왔다고 해서 성격이 무뚝뚝 하거나 사교적이지 않다는 것은 아니고 상대방의 의견과 행동을 존중하고 많이 이해하는 편입니다.,1
9,제가 생각하는 직장의 의미는 자기자신에 대한 믿음이 있고 나의 꿈을 이루는 곳이라고 생각합니다. 항상 성실하고 최선의 노력을 다하면 어느 기업을 가도 성공적인 직장생활을 할 것이라고 생각합니다. 저는 서울보증보험에 입사하여 제가 지금까지 배워왔던 지식과 열정을 펼쳐보이고 싶습니다. 삶을 살아가면서 돈을 많이 버느냐 적게 버느냐도 중요하지만 그것보다는 저의 지식과 능력을 발휘하게 해주는 서울보증보험에서 일하고 싶습니다. 제가 만약 입사한다면 중소기업과 서민 등 어려움을 겪고 있는 계층에 대해 지속적으로 보증지원을 강화해나가겠습니다. 그리고 생계형 채무자를 대상으로 특별채무감면을 하고 감면혜택을 받은 사람들을 초청해 그들의 의견을 청취하는 등의 피드백을 공유하겠습니다. 청취한 의견 등으로 특별채무감면 성과를 분석해 서민들이 원하는 지원프로그램을 도입하고 서울보증보험의 비전인 ‘고객과 함께 성장하는 Best 신용파트너’에 맞춰 국가와 국민 기업 등 고객의 성공적인 경제활동을 지원하는데 저의 노력을 보태겠습니다.,1
10,"저는 제가 맡은 분야에 최고의 전문가가 되고 프로가 되는 것이 저의 가치관 입니다. 제가 생각하는 가장 최고의 가치는 스스로 목표를 세우고 능동적이고 항상 도전적인 사고방식을 가지며 성공을 위하여 발로 뛰는 사람입니다. 저는 일단 목표를 정하고 그 주제는 바로 일에 매진하여 반드시 해내는 사람입니다. 그렇기 때문에 저는 매사에 일부로라도 노력하는 모습을 보입니다. 단순히 노력한다고만 해서 제가 원하는 것을 다 이루지는 못하겠지만 한 걸음 한걸음 노력하다보면 처음엔 닿을 수 없을 것 같던 목표도 시간이 지나고 바로 앞에 와있다는 것을 느낄 수 있었습니다. 그래서 전 현실에 안주하지 말고 더 행복지고 더 나은 목표를 위해 항상 노력합니다.
",1
11,저에게 인생에서 의미있는 일은 여러 가지입니다. 저는 초등학교 때부터 시작한 봉사활동을 지금까지 계속 이어서 활동 하였습니다. 그럼으로써 이제는 그 아이들은 저의 또 다른 가족이라고 할 수 있을만큼 친해졌습니다. 뿐만 아니라 저는 대학교때 어학연수를 다녀오면서 외국인 친구들을 많이 사귀었습니다. 일본어와 영어를 유창하게 소화할 수 있어서 시민회관에서 운영하는 한국어 외국인 강사로도 초청되어 다양한 외국인들에게 한국어를 가르쳐 주었습니다. 그러면서 그동안 겪어보지 못했던 새로운 문화를 경험하고 배우면서 한층 더 성숙된 저의 모습을 볼 수 있었습니다. 그리고 저는 1년에 한 개씩 자격증은 꼭 따자는 목표를 가지고 있고 현재 보유하고 있는 자격증이 8개입니다. 매년 한 개씩 딸 수는 없었지만 그렇게 하기위해서 노력했고 결국 이런 경험들은 나중에 저의 직무를 수행하는데 있어서 큰 도움이 되리라고 생각됩니다.,1
12,"저는 서울보증보험에 입사하여 고객에게 격이 다른 서비스로 만족을 드리겠습니다 보증보험사와 같이 인적서비스에 비중이 큰 기업의 최고 가치는 고객이라고 할 수 있습니다. 얼마만큼 고객을 만족시키고 우리 매장을 언제든지 재방문 하고 싶도록 만드는 것이 가장 중요한 핵심요소라고 생각합니다. 저는 대학교를 졸업 하기 전 국민은행에서 소비자 고객만족 1등사원으로 6달 연속으로 뽑혔을 만큼 고객의 대한 지원과 고객이 무엇을 원하고 다양한Needs가 무엇인지 정확하게 파악하는 능력을 가지고 있습니다. 그러기 위해서는 물론 기업의 안정성과 경영이념도 중요하지만 무엇보다도 가장 중요한 것이 고객의 진정성있는 목소리를 듣고 최고의 서비스로 고객을 모시는 것이 가장 중요하다고 생각합니다. 저는 서비스 관련 경영학을 전공하면서 저의 능력을 통하여 고객의 긍정적인 반응을 이끌어내는 과정에 매우 흥미를 가지게 되었고 일반 사무직에서는 주로 주로 사람과 사람의 행동에서 일어나는 과정을 이해해야 되기 때문에 평소 세심히 관찰하는 습관을 가진 저와 적합하다고 판단하였습니다. 어느 고객에게나 똑같은 서비스가 아닌 고객 한분 한분에 특성을 제대로 파악하여 우리 기업에 대한 신뢰감을 주고 그에 대한 맞춤 서비스 자세로 서울보증보험에서 저의 업무 능력을 발휘해 보이겠습니다,",1
13,"세계 최초로 희토류 금속을 쓰지 않는 차량 듀얼클러치 변속기용 모터를 개발하는 등 LG이노텍은 그룹차원에서 자동차 부품사업에 적극 참여해 점차 확장하고 있습니다. 현재 자동차업계의 가장 큰 이슈는 '친환경차'로서, 친환경차에 대한 관심과 수요는 늘어나고 있으며, 친환경차 개발에 자동차의 미래가 달려있다 해도 과언이 아닐 것입니다. 자동차에 대한 관심으로 시작한 하이브리드 자동차 프로젝트 경험을 통해 급격히 성장하는 친환경차 부품분야에서 LG이노텍과 함께하고 싶습니다.",1
14,"품질은 브랜드 이미지를 좌우하는 중요한 가치이며, 저는 전 세계 200여개 글로벌 기업의 파트너로서 최첨단 미래를 열어가고 있는 LG이노텍의 품질보증분야에서 능력을 발휘하여 점차 수요가 늘어날 친환경차 부품 품질부문의 전문가로 성장하고 싶습니다.

지원분야에 대한 자신의 준비사항 및 구체적인 노력 내용과 이를 통해 확보된 역량을 기술해 주십시오.",1
15,"LG이노텍은 카메라모듈 태스크포스에서 ‘불량률 제로 프로젝트’를 성공적으로 달성하는 등 품질 경영의 성과를 거두고 있습니다. 고객에게 만족을 주는 품질은 긍정적 브랜드 이미지로 이어질 것입니다.

저는 산업 현장에서 품질의 중요성을 일찍이 깨닫고, 기계공학과 학생으로서 전공과목뿐 아니라 산업공학과의 과목도 병행하며 품질관리에 있어 필수적인 통계적 지식과 공정관련 지식들을 습득하였습니다. 그리고 친환경 자동차가 미래임을 느껴, 관심을 가지고 체계적으로 공부해왔습니다.

이러한 노력은 LG이노텍의 친환경 자동차 부품의 품질전문가로 성장하는데 큰 힘이 될 것입니다. 무한한 책임감과 열정으로 품질경쟁력 강화에 공헌하여 저와 LG이노텍 모두 친환경차 부품업계에서 Global Top이 되기 위해 최선을 다할 것을 약속드립니다.",1
16,"고객의 잠재된 소비요구까지 파악하는 대용량 데이터처리 분야의 전문가로 성장하고 싶습니다. 학부시절 컴퓨터공학과 경제학을 전공하며 다양한 방식으로 데이터를 처리하는 방법을 배웠습니다. 금융계량경제학을 수강하며 ‘R’이라는 오픈소스를 이용해, 데이터를 분석하고 결과를 예측하는 과정에서 흥미를 느꼈습니다. 지난여름에는 인턴쉽을 하며 MSSQL의 저장프로시저를 이용하여 ‘투자정보시스템의 데이터조회’를 위한 쿼리를 작성했습니다. 다양한 쿼리문을 배우고 이용하며 흥미를 느꼈고 데이터 처리 분야의 전문가가 되고 싶다는 결심을 했습니다.  

",1
17,"저는 ‘G9 투데이’상품과 같은 사람입니다. 크게 두 가지 면에서 저와 닮아있다고 생각합니다.
첫 번째 이유로는 ‘가격 대비 최고의 성능’입니다. 저도 G9의 상품들처럼, 집중력을 발휘할 때, 누구보다 최고의 효율을 자랑하는 사람입니다. 지난겨울 졸업프로젝트를 위해 안드로이드 앱 개발을 해야만 했습니다. 팀 내에 안드로이드 프로그래밍을 해본 사람이 없었고 저는 팀장으로서 책임감을 느껴 안드로이드 공부를 하기로 결심했습니다. 고도의 집중력을 발휘하여 2개월 만에 언어를 익히고, 개발까지 완료할 수 있었습니다. 
두 번째 이유는 ‘나도 모르는 내 마음을 알아채는 센스’입니다. G9의 상품들은 내가 미처 생각 못했던 필요한 제품들로 소비자의 요구를 충족시킵니다. 저도 이처럼 ‘누가 시키기 전에 필요한 일들을 미리미리 해놓는 센스’를 가진 사람입니다. 지난여름 인턴을 할 때, 개발환경설정을 위해 필요한 프로그램들을 가이드 문서를 참조하여 설치했었습니다. 하지만 몇 가지 중요한 내용이 빠져있어 설치에 어려움을 겪었습니다. 누가 시키지도 않았지만 설치하며 겪었던 상황들을 문서에 추가로 작성 하여, 센스있게 일을 잘 한다는 칭찬을 들었습니다.

",1
18,"[고객의 관심분야 정보 수집을 통한 맞춤상품 5개 추천]
G9을 이용하며, 제가 관심을 가질만한 분야의 상품에 대한 알림을 받고 싶다는 생각을 하였습니다. 저는 쇼핑할 때 주로 여성의류나 여성신발과 관련된 상품들을 보곤 합니다. 로그인하고 상품들을 구경할 경우, 해당 회원의 관심사에 대한 정보 파악이 가능할 것입니다. 수집한 데이터를 바탕으로 관심 카테고리의 베스트 딜을 선정하여 5개 정도의 정보만 매일 메일로 보내준다면 소비자를 위한 맞춤 서비스가 가능 할 것 이라는 생각을 했습니다. 

[G9의 ‘실시간 관심코너’ 정보를 구매고객유형 별로 분류하여 제공]
G9의 실시간 관심코너는 최근에 어떤 사용자가 상품을 구매하거나, 찜한 정보를 바탕으로 상품들을 보여줍니다. 하지만 이러한 정보는 별로 도움이 되지 않는다고 생각합니다. 이를 개선하여 성별과 연령대가 분류된 실시간 관심 상품 조회가 가능하다면 훨씬 유용한 정보가 될 것입니다. 예를 들면, 실시간 관심 코너의 분류에 ‘20대 여성’이 있다면 제 관심사와 비슷할 확률이 높고, 쇼핑할 때 유용한 정보가 될 것입니다. 이를 통해, 실시간 관심코너를 사람들이 조금 더 관심을 가지고 이용할 것이라고 생각합니다.",1
19,"[실수는 최대한 빨리 인정하고 문제를 바로 잡자]
영국으로 워킹홀리데이를 떠나 그곳에서 지내며 레스토랑에서 6개월간 일을 했었습니다. 규모가 제법 큰 곳이어서 휴대용 단말기를 이용하여 주문을 받았고, 주문 입력 즉시 주방으로 주문이 전달되었습니다. 제가 일을 시작한지 얼마 안 되었을 때벌어진 일 입니다. 종종 테이블 번호를 착각하곤 했었는데, 그러던 어느 날 주문을 받던 중 실수로 테이블 번호를 잘못 입력하였습니다. 실수를 알아 차렸을 때에는 이미 다른 테이블에 음식이 잘못 나간 후였습니다. 
너무 당황스러웠고, 매니저님께 혼나는 것 또한 두려웠습니다. 하지만 잘못된 상황을 빨리 알리고 상황을 수습해야겠다는 생각이 들었습니다. 매니저님께 사실대로 말하여서 이미 다른 테이블로 전달된 음식들에 대해서는 다시 조리를 하도록 하였습니다. 또한, 두 테이블에 가서 저의 실수해 대해 설명하고, 정중하게 양해를 구했습니다. 이번 경험을 통해 실수를 하더라도 그 자리에서 인정하고 최대한 바로 잡으려고 노력하는 자세가 중요하다는 것을 깨닫게 되었습니다. 그 이후에는 주문 받을 때, 항상 두 번 확인하는 습관을 들여서 다시는 같은 실수를 반복하지 않을 수 있었습니다.

",1
20,"[소통의 중요성을 알게 된 해외마케팅활동]
 
대학 시절 GTEP(해외마케팅활동)에 참가하게 되었습니다. 해외마케팅활동을 하면서 가장 중요시했던 점은 바로 ‘소통’이었습니다. 5명의 팀원을 이끄는 팀장을 맡게 되면서 바이어, 제조업체뿐만 아니라 팀원들 간의 소통이 얼마나 중요한지 깨닫게 되었습니다. 각기 다른 학년, 나이, 성별을 가진 팀원들과 협업을 하는 것이 처음에는 쉽지 않았습니다. 기대했던 만큼의 성과를 못 내거나 따라주지 않을 때는 실망도 했었습니다. 그래서 팀원 한 명씩 직접 면담을 하면서 소통하려 했습니다. 그 결과 팀원들을 이해할 수 있었고 좋은 성과는 물론 활동이 끝난 뒤에도 계속 연대를 이어나가는 팀을 만들 수 있었습니다. 이러한 경험을 바탕으로 얻게 된 저의 소통능력을 발휘하여 고객은 물론 선후배, 동료들과 소통할 수 있는 인턴사원이 되겠습니다.
 

[국내에서 이룬 영어회화정복]
 
한국에서 영어공부를 하기가 쉽지 않다는 것을 알고 있었지만, 해외에 가지 않고도 영어회화를 하는 것이 가능하다고 생각했습니다. 그래서 아침에 샤워하는 시간, 지하철 이동시간 심지어 걸어 다닐 때도 혼자서 영어로 말하기 연습을 했습니다. 8개월 동안 하루도 빠지지 않고 영어 말하기 연습을 한 결과 전시회에서 통역하고 제가 사는 곳으로 여행을 온 외국인 친구들을 가이드하는 데 전혀 문제가 없는 영어실력을 갖출 수 있었습니다. 포기하고 싶을 때도 많았지만 하루라도 걸러서는 안 된다는 저와의 약속을 지켜야겠다고 생각했고 그 결과 원하는 바를 이룰 수 있었습니다. 그리고 지금의 실력에 안주하지 않고 지금도 지하철을 탈 때마다 혼자서 말하기 연습을 하고 있습니다.
 

[도전의 연속이었던 호주생활]
 
국내에서 영어공부를 한 후 공부한 내용을 확인해보고 싶은 마음이 들었습니다. 그래서 홀로 호주로 떠나게 되었습니다. 처음에 아무 도와주는 사람 없이 혼자 살 곳을 구하고 일자리를 구하는 것이 쉽지는 않았습니다. 먼저 살 곳을 정하고 일자리를 구하기 위해 발로 뛰어가며 이력서를 돌렸습니다. 국내 카페에서 일했던 경험을 살려 호주 카페에서 바리스타로 일하고 싶었습니다. 그래서 사전에 미리 호주 커피에 대해서 공부를 한 후 이력서를 낼 때마다 호주 스타일의 커피를 만들 수 있다고 강조했습니다. 결국, 원하는 일자리를 구할 수 있었고 한국으로 돌아온 뒤에도 같이 일했던 사장님 그리고 동료들과 계속해서 연락을 취하고 있습니다. 같이 일 했던 친구 중 한명이 한국으로 교환학생을 오면서 제가 사는 곳 관광도 시켜주었습니다. 호주 생활을 하면서 독립심도 키우고 더 넓은 세상을 볼 기회도 가졌지만 가장 소중하게 생각하는 것은 한국인 친구 못지않게 마음을 주고받았던 외국인 친구들이었습니다. 제가 가진 영어실력과 외국인들에게 열린 마음은 외국계 기업인 ㈜보쉬전장에서 일하는데 큰 이바지를 할 것 입니다

",1
21,"두산은 회사명과 TV광고 및 경영전략에서 볼 수 있듯이 사람에 대한 믿음과 성장을 최고의 가치로 여기는 세계 일류 기업입니다. 또한 1996년 ISB혁신 이후 2005년 두산 인프라코어의 출범과 전 세계 각국으로 뻗어나가는 역동적인 모습은 두산에 대한 확신을 주었습니다.

세계 최고의 경쟁력을 갖춘 두산 인프라코어의 다양한 사업 중에서 건설기계 R&D분야의 엔진 Assembly 해석을 목표 직무로 하고 있습니다. 기계공학을 전공하면서 열, 유체 및 진동 해석 부분에 많은 관심과 두각을 나타냈고, 이런 저의 능력을 잘 표출할 수 있는 분야입니다. 기계의 심장이라고 할 수 있는 엔진에 대한 해석과 이를 바탕으로 하여 고효율, 고성능의 엔진을 완성시키는 직무는 엔진의 온도만큼이나 뜨거운 저의 열정과 능력을 발휘하기에 최적의 분야라고 생각합니다.

두산 인프라코어가 2030년 에는 Top 1이 될 수 있게 하는 인재가 되기 위해 꾸준히 노력하겠습니다.

",1
22,"게임, 운동, 공부, 일 등 어떤 일이든 할 때 끈기 있는 사람이라는 말을 자주 듣습니다. 스스로 생각해 봐도 저는 일을 시작하면 중간에 포기하지 않고 최선을 다해 완성시키는 근성 있는 노력형 사람입니다. 일을 무턱대고 진행하는 것이 아닌 일의 우선순위를 고려하여 좋은 효율과 성과를 낼 수 있는 방법을 찾아 추진력 있게 진행합니다. 저의 이런 끈기 있는 모습은 두산의 발전에 큰 보탬이 될 것입니다.

깜빡하는 습관

어릴 적 별명은 ‘깜빡이’ 이었습니다. 한 일에 집중하게 되면 주위에 신경을 못 써 자주 내용을 잊어버려 붙었습니다. 하지만 월 단위로 일정표를 만들어 중요일정을 체크해놓고, 스마트폰 보급이후엔 스케줄관리 어플로 중요내용을 계속 상기시키는 습관을 통해 많이 고쳤습니다. 이런 메모하고 일정을 관리하는 습관은 업무 진행에 있어 신뢰감을 주고 나아가 팀워크에 이바지할 수 있다고 생각합니다.
",1
23,"去去去中知 行行行裡覺'

가고 가고 가는 중에 알게 되고, 행하고 행하고 행하면 깨닫게 된다는 뜻으로 노자 도덕경에 나오는 말입니다. 이 말은 제 인생의 좌우명입니다. 현재 최종발표를 앞둔 중앙대와 두산 인프라코어의의 협력 하에 진행되는 공모전의 참여는 가장 도전적임과 동시에 배울 점이 많았던 경험입니다. 공고가 나고 같은 학부친구들 세 명과 함께 지원하게 되었고 팀장을 맡았습니다. 주제를 선정 할 때 저와 팀원들이 많은 관심을 두고 있는 두산 인프라코어의 사업 분야인 건설기계로 주제를 선정했습니다. 이후 팀원들과 함께 브레인스토밍-아이디어 선정 및 발표-재료 선정 및 구매-Prototype제작-포스터 및 최종보고서 작성-최종 발표를 진행하면서 어려운 점이 많았습니다.

가장 어려웠던 점은 아이디어의 구현과정에서 두 개의 센서 및 전자회로구성과 프로그래밍 과정이 불가피 하게 된 점이었습니다. 처음에는 ‘하면 되겠지‘라는 막연한 생각을 갖고 접근했는데 그 과정은 만만치 않았습니다. Arduino키트와 초음파 센서, 정전용량형 근접센서의 회로를 구성하고 프로그래밍 하는 과정은 문외한인 저희에게 너무 어려운 작업이었습니다. 수십 차례 시행착오를 겪으며 실패의 실패를 거듭했고, 작은 폭발사고도 두 번이나 겪었습니다. 전자회로와 센서, 프로그래밍 전문서적과 설명서 등을 끊임없이 읽고 실험하며 실패를 개선해 나갔고 결국 문제를 해결할 수 있었습니다.

공모전을 진행하며 '우린 기계공학전공이니 전자·전기공학은 몰라도 되겠지'라는 생각이 얼마나 어리석은 생각인지 알게 되었고, 더불어 어려운 과정이지만 팀원과 함께 파트를 효율적으로 나누어 끊임없이 열정적으로 파고든다면 그 어떤 문제도 해결할 수 있다는 자신감도 얻게 된 경험이었습니다. 이런 근성과 열정, 재능을 두산 인프라코어의 이름을 걸고 전 세계에 무한히 펼치는 인재가 되고 싶습니다.

",1
24,"대부분의 사람들이 평가하는 첫인상은 소심하고 내성적인 성격일것이라 생각합니다 이유는 고집이 세고 말을 함부로 하지 않고 속으로 되뇌이며 말을 하기 때문입니다
직장생활 내에서의 저의 단점은 필요한 사람에게만 친밀성을 가지게 된다는게단점이자 장점이 아닐까 생각합니다
수많은 부서에 마당발 사원으로 모든 인원에게 주목받으며 인맥을 형성하는것도 좋겠지만필요한 사람들과 친해지고 굵은 친밀도를 통해 다른 인물을 소개받는것도 좋은 수단이라 생각합니다

",1
25,"전자부품 뜯기를 좋아하던 어린시절엔 과학자가 전부인줄 알았습니다
고졸까지는 PC하드웨어쪽 전공을 살려보려고 해봤지만 적성이 아닌것을 알고 용접 자격증의 특기를 살려서 제강소 공무일을 하면서 설비보전과 예비품 보수를 하면서 설비의 기본적인 개념이 어떤부분이 중요한지 파악하는데 많은 도움이 되었습니다
내가 파는 제품이 우리회사의 얼굴이며 설비를 아낄줄 알아야 품질에 자신감이 생긴다는 개념을 다년간 TPM활동을 하면서 느꼈습니다

",1
26,"최고의 기업이라는 타이틀을 걸기 위해서는 남다른 뭔가를 가지지 않으면 안된다고 생각합니다 축적된 노하우와 우수한 기술력으로 지역사회는 물론 세계적인 우수기업으로 성장하는 기업이라는 이미지가 제가 바라보는 SIMPAC입니다
인천에서 만족하며 재직할 수 있는 몇 안되는 기업중 하나로 SIMPAC이 손꼽히고 있습니다
전 직장도 좋은곳이긴 하지만 교대근무라는 문제점이 가장 크게 다가와서 이직을 결심하게 되었고 인천에서 가장 유망한 기업인 SIMPAC이 눈에 들어왔습니다
다년간의 설비보전 일을 하면서 봉강생산 조업의 흐름에 맞춰서 일을 하기 보다는 공유압과 용접의 특기를 살려서 근무하기 좋은 회사가 이직을 위해서 좋은곳이라는 결심을 하게되었습니다 지금의 성과보다 앞으로는 성장가능성이 높은 기업이기에 저도 성장의 발판을 놓는 기반을 다지는 사람이 되고싶습니다

",1
27,"희망업무및장래포부

한국 프레스 제조사의 중추적인 역할을 하며 제품 수주에서 단연 돋보이고 있는 만큼 신뢰를 쌓고 있는 SIMPAC의 명성에 빛이 바래지 않도록 최고의 품질에 도움을 주는 일을 하고싶습니다
같이 일하는 동료들에게 인정받을 수 있는 인재가 되고 싶습니다
업무량이 많고 배워야할 설비가 산더미처럼 많은 직장에서 차근차근 도면을보고 배우며 설비를 만지고 아끼며 전문가가 아니면 안된다는 생각으로 열심히 하다보니 한조의 조장을 하게되었으며 그덕에 주임을 달 수 있는 기간전에 주임자리를 꿰차고 주임대행업무를 볼 수 있었습니다
꼼꼼하다는 평을 많이 받기에 무조건 쉬운 작업보다는 공유압을 만지거나 용접을 하고 품질에 이상이 없는지 확인하는 작업을 하고 싶습니다

",1
28,"[끊임없이 쫓기는 부동의 1위 기업]
 현대 Job Fair를 다녀오면서 문뜩 이런 생각이 들었습니다. '현대자동차는 끊임없이 쫓기는 부동의 1위 기업이구나'. 내수시장의 선구자로서 벤치마킹의 대상이 되었지만 빠르게 변화하는 소비자와 시장을 이끌기 위해서, 현대자동차는 스펙보다 열정을 강조하는 기업이었습니다.
 안되는 이유는 버리고 고정관념을 떨쳐 변화를 주도해 나가는 저의 열정DNA가 현대자동차의 목소리에 뜨겁게 반응했습니다.
[스펙은 A-, 열정은 A+]
 카마스터가 존재하지만 판매와 정비 업무로 이루어진 국내영업본부에서 현장을 아는 것은 매우 중요하다고 생각합니다. 판촉, 운영지원, CRM, 심지어 생산계획과 물류운영까지 이루어지는 멀티공간에서 저는 그동안 쌓아온 영업 열정과 현장경험을 발휘하고 싶습니다.
 저는 서비스업 중 패스트푸드점, 레스토랑, 와인바, 외국인 게스트 하우스에서 월급보다 더 소중한 소통과 협업능력을 얻었습니다. 모든 일은 거래처 발주를 시작으로 재고 관리, 주방과의 커뮤니케이션, 동료와의 협업, 손님과의 소통까지 마치 톱니바퀴처럼 연결돼 있었습니다. 어느 한 부분에서 오류가 생기면 전체에 영향을 미치는 업무들을 2년간 처리해 오면서 영업관리의 기본 역량을 익힐 수 있었습니다.
 북경에서 비빔밥 프로모션을 담당했을 때 단기간의 실적보다 회사의 존망을 위해 뛰어야 했습니다. 팔지 못하면 월급을 받지 못하는 회사의 자금 위기상황에서 生을 위해 영업을 했던 절실함도 느껴보았습니다.
 영업에 관심을 갖고 꾸준히 쌓아 온 현장경험과 협업능력을 발휘해 국내영업본부에서 원하는 신입사원이 되고 싶습니다. 한가지 직무에 머물며 과거의 성공에 집착하기보다는 회사가 필요한 업무를 수행하며 변화를 이끄는 인재가 되겠습니다. FTA를 통해 저가격으로 맞서는 수입차와 경쟁할 프로모션을 진행하는 일은 반드시 해보고 싶은 업무입니다.
 저는 SPEC은 끄고 저만의 STORY와 매력, 자신감을 밝히는 현대자동차의 당당한 신입사원이 되겠습니다.

",1
29,"[북경 ??(궈마호)의 비빔밥 전도사]
 2010년, 북경의 설계사무소에서 인턴사원으로 비빔밥 프로모션을 진행했습니다.
 상권 內 음식점이 이미 포화상태였기 때문에 설계를 의뢰했던 기업의 회의 후 단체주문을 목표로 홍보를 진행했습니다. 하지만 제조공장 월세가 갑자기 올라 사업자금의 불안요소가 가중되기 시작했습니다. 결국, 회사의 자금순환이 어려워졌고 1달간 사업을 중단하는 사태로 이어졌습니다.
[生을 위한 전쟁, 영업]
 1달의 시간은 아이디어와의 싸움이었습니다. 제품에 강한 자신감을 가졌던 저는 20살 때 도시락 전단지 영업을 하며 300장 당 20개의 주문실적을 쌓았던 경험을 떠올렸습니다. 회의 때, 수익 창출을 위한 영업활동의 중요성을 피력했고 사장님께서도 공감해 주셨습니다. 1달의 시간이 흘렀고 저희는 반전을 만들기 위해 生을 위한 전쟁, 영업에 뛰어들었습니다.
 북경에서 인맥이 넓지 않았기 때문에 우선 그동안 다녔던 어학원을 방문했습니다. 평소 친하게 지낸 선생님들과 이사님께 비빔밥 시식과 가격을 설명해 드렸고, 길거리 음식을 찾던 학생들에게 한국의 건강식을 먹도록 권했습니다. 거리에선 한식당을 찾는 손님들께 우선하여 시식 서비스를 제공하며 홍보물을 배포했습니다.
 새로운 활력을 불어넣고 싶었던 저의 열정으로 중국어 학원 2곳에서 주 1회 총 28개의 주문량을 확보했습니다. 월급이 밀리면서도 최선을 다했던 직원들의 노력으로 매출 증대율 20%를 달성하여 위기를 극복할 수 있었습니다.
 현지인이 원하는 비빔밥의 맛을 조사하고 홍보물을 제작하여 시식회를 진행했던 경험은 인턴으로서 쉽게 얻을 수 없는 실무경험이었습니다. 회사에서 가장 낮은 직급이었지만 저는 주인의식을 갖고 누구보다 많은 땀을 흘렸습니다. 일하는 곳에 자부심을 느끼고 동료를 믿었던 마음은 인턴십을 마친 후 저의 가장 큰 핵심역량이 되었습니다. 위기의 순간에 반전을 만들어 낸 저의 열정으로 과거의 성공을 답습하지 않는 열정과 근성의 승부사가 되겠습니다.

",1
30,"[중재와 표현에 관하여]
 타인과 함께 일할 때 저의 장점은 이해관계자들 간의 관계를 조율하는 능력입니다.
 2008년, 논현동에 있는 와인바에서 정직원으로 10개월간 근무하였습니다. 저는 근무를 하면서 매니저님과 주방장님 간의 사이가 좋지 않은 점을 발견하였습니다. 주방장님은 손님이 많이 남기는 비싼 열대과일 '용과'를 줄이자고 하셨고 매니저님은 소수의 손님을 위해서라도 기존메뉴를 지켜가자고 하셨습니다. 도무지 해결의 실마리가 보이지 않을 것 같았지만, 문제는 과일에 있지 않았습니다. 주방 보조가 그만둔 상황에서 빨리 보조를 찾고 싶었던 주방장님은 다른 방식으로 불만을 토로하고 있었습니다. 저는 그동안 혼자서 일했을 주방장님을 생각해 주방에 머물며 의중을 여쭤 보았고 불만사항을 발견할 수 있었습니다. 결국, 매니저님께 정중히 설명해 드림으로써 두 분의 관계를 회복시킬 수 있었습니다. 하지만 정작 저는 심중에 불만이 있어도 표현을 잘 하지 않는 단점이 있습니다. 불만을 내색함으로써 관계가 소원해지는 상황을 싫어하기 때문에 속으로 삭이며 스트레스를 키우기 경향이 있습니다. 하지만 매니저님께서 '불만을 표현하는 일은 주변에 최소한의 공감을 구하는 동시에 타인이 아닌 자신과의 소통에 더 큰 의미가 있다'고 말씀하셨습니다. 그 후로 저는 '불만 속에 담긴 소통의 의미'를 발견하며 좀 더 건강하고 균형 잡힌 직장생활을 할 수 있었습니다.


",1
31,"HD현대는 극한 환경에서도 신뢰성을 유지해야 하는 제품을 통해 산업 현장의 안전과 지속성을 책임져 온 기업이라고 생각합니다. 저는 원자력 발전소 구조재료를 대상으로 장기 열화와 부식 메커니즘을 연구하며, 재료의 작은 결함이 시스템 전체의 안전과 수명에 큰 영향을 미칠 수 있음을 경험했습니다. 이러한 문제의식은 엔진과 기계 부품의 품질을 책임지는 HD현대의 역할과 잘 맞닿아 있다고 생각합니다. HD현대에서 저는 현장에서 발생하는 품질 문제를 데이터와 시험 결과를 기반으로 분석하고, 재발을 방지하는 역할을 수행하고 싶습니다. 장기적으로는 축적된 품질 경험을 바탕으로 핵심 부품의 신뢰성을 선제적으로 검증할 수 있는 엔지니어로 성장하여, HD현대 제품이 세계 시장에서 신뢰받는 기반을 만드는 데 기여하는 것이 제 꿈입니다.
",1
32,"""소통하는 자세로“
저는 어릴 때부터 인맥을 중요시하여 주변에 친구 분들이 많으셨던 아버지의 성격을 닮아 많은 친구들을 사귀고 그들을 통해 다양한 간접 경험을 하였습니다. 그리고 주변 사람들과 어울려 이야기를 나누며 그들의 생각을 이해하고 서로 다른 의견을 조율하기 위해 노력하였습니다. 이야기를 유쾌하고, 재미있게 하는 성격 덕에 주변에 친구들이 많습니다. 때문에 조직에 잘 스며들고 그 일부로써 적응하는 데 시간이 오래 걸리지 않는 편입니다. 이러한 장점은 빠르게 업무를 수행하는 데 도움이 될 것입니다. 반면 혼자 일을 진행할 때 다소 급진적이고 충동적인 경향이 있습니다. 최근에는 한번 더 생각하는 자세로 단점을 고치고 있습니다. 플랜트 설계 업무의 특성 상 팀 단위의 유기적인 움직임이 중요하다고 생각합니다. 때문에 팀원과 함께 업무를 진행하면서 팀원들과 항상 소통하며 피드백을 받아 고쳐나갈 수 있습니다.

",1
33,"“장난꾸러기에서 듬직한 리더로”
학창시절부터 유머와 밝은 성격으로 반에서 친구들을 리드하는 역할을 맡았지만, 저에게는 리더로써 책임지는 모습과 진중함이 부족했었습니다. 또한 친구들과 함께 어울리고 그들이 저를 좋게 생각해 주는 것에 치중한 나머지 저는 그들에게 마냥 가볍고 편한 사람이 되어 있었습니다. 그러던 중 대학에 입학하여 1학년 때 학생회 집행부원으로 활동하면서 그 당시 학생회장이었던 선배를 따라 많은 일을 하고 대화도 많이 나눴습니다. 처음에는 정말 편하게 생각했던 사람이었는데, 학생회 일을 하면서 제가 본 그 선배의 모습은 사뭇 달랐습니다. 자신이 책임지고 진행하여 일을 할 때는 카리스마를 발휘하여 구성원을 이끌기도 하고, 학생회를 주제로 이야기를 나눌 때는 그만의 굳은 모토를 가지고 있었습니다. 그와 1년간 일하며 깨달은 바는, 편하고 재미있는 모습으로 많은 사람들의 사랑을 받는 것도 중요하지만 내 사람들이 나를 믿고 따를 수 있도록 책임감 있는 모습, 신뢰할 수 있는 모습을 보여야겠다는 것이었습니다. 그리고 2학년이 되어 전자전기공학부 학생회장을 하게 되었습니다. 임기 내내 1학년 때 선배에게 배웠던 대로 제 자신의 부족한 부분들을 채워 나가기 시작했습니다. 그 후 군대에서 분대장 임무를 하고, 전문하사로 복무할 때 부소대장 임무를 하며 학생회장을 할 때 잘 안되었던 부분을 생각하며 방식을 다듬어 나갔습니다. 결국 진중함을 가짐과 동시에 솔선수범의 자세까지 저의 것으로 만들 수 있었습니다. 그리하여 현재 공과대학 학생회장으로 활동하고 있는 중에도 구성원들에게 평소에는 친형처럼, 일을 할 때는 듬직한 리더가 되어 제 구성원들에게 신뢰를 받는 사람이 될 수 있었습니다. 저의 열정과 소통을 모토로 하는 마음가짐, 또한 책임감과 신뢰를 주는 모습을 가지고 두산 중공업의 앞으로의 발전에 이바지 하겠습니다.

",1
34,"[세 가지 필수 역량을 갖춘 인재]
첫째, 트렌드를 읽는 능력입니다.
기술, 경제, 사회 등 여러 가지 이슈에 관심을 가지고 거시적인 안목을 키우겠습니다. 변화에 SK를 대입하고, SK에 변화를 대입하며 SK의 신사업 방향을 구상하도록 하겠습니다.

둘째, 정보 분석 능력입니다. 
건설사 미래사업팀에서 신사업기획 당시, 수많은 raw data를 수집한 후, insight를 도출해야 했습니다. 엑셀이 큰 도움이 되었습니다. 확실한 정보 분석의 기초인 엑셀 활용 능력을 최대로 키우겠습니다. 객관적이고 정확한 정보를 바탕으로 신사업의 당위성을 마련하겠습니다.

셋째, 아이디어 구체화 능력입니다. 
그동안 디자인 기획, 문화행사 기획, 서비스 기획 등 여러 분야에서 기획 경험이 있습니다. 실제로 눈에 보이는 결과물을 만들어야 했습니다. 그동안의 기획과정을 참고하겠습니다. 전체적인 과정을 생각하고, 필요한 요소들을 파악하겠습니다. 시각적 자료를 활용하여 신사업을 소개하겠습니다.

",1
35,"[서울의 모든 것을 파악하라]
지금까지 가장 열정적으로 저의 에너지를 쏟아부었던 때는 8개월간 졸업작품을 준비하면서입니다. <세계인에게 통하는 한국의 디자인>이라는 큰 주제 아래 진행되었습니다. 다른 나라와 비교하였을 때 경쟁력 있는 한국의 특성은 무엇일까를 찾는 데에서부터 시작했습니다. 의복, 음식, 주거 등의 여러 요소 중, 수도 '서울'을 택하였습니다. 교환학생 당시 유럽 여러 수도를 여행하며 서울의 확고한 이미지와 관광상품의 부재를 느꼈기 때문입니다.

서울과 관련된 객관적인 자료 위에 저만의 관점이 더해져야 했습니다. 10권 이상의 책을 참고하고 리서치를 통해 서울의 역사와 지리적 특성을 파악하였습니다. 밤낮으로 강남과 강북을 넘나들며 직접 사진으로 담기도 했습니다. 사람들이 실제로 느끼는 서울의 이미지를 파악하는 것도 중요했습니다. 서울에 사는 사람들, 타 지역 사람들, 그리고 외국인까지 200명 이상에게 서울의 이미지와 관련된 설문조사를 진행하였고, 6명에게 심층인터뷰를 진행했습니다. 그 결과, 서울은 타 도시에 비해 여러 가지 색을 지니며 활기차고 유연하다는 의견으로 좁힐 수 있었습니다. 그러한 서울의 조형적 특징을 디자인에 적용하여 브랜드 COMTSEOUL을 개발하였습니다.

충분한 연구와 조사를 바탕으로 한 기획으로 디자인 전개 또한 수월하였고, 최우수상인 S Design Award를 수상하였습니다.


",1
36,"[제발 집 좀 가라]
인턴을 하며 직원분에게 들은 소리입니다. 만족스러운 결과물이 나올 때까지 특유의 책임감과 끈기를 가지고 업무에 임합니다.

코오롱글로벌 인턴 당시, 후반부에 영상팀으로 차출되었습니다. 두 달간의 인턴 생활을 담은 5분짜리 영상을 제작하라는 임무를 받았습니다. 본래 외주로 진행하려고 했지만, 막판에 계획이 바뀌어 영상팀 인턴들이 제작하게 된 것입니다. 철저한 기획 하에 의도된 연출로 영상을 찍고 편집하는 것이 일반적인 순서였습니다. 그렇지만 저희에게는 아무 기획 없이 찍은 단조로운 영상들만 주어졌습니다. 기존의 영상들을 이어붙여 스토리를 전달하는 데에는 한계가 있었습니다. 보는 것만 계속 보다 보니 그 안의 틀에 갇힌 것 같다는 생각을 했습니다.
남은 시간은 일주일뿐이었지만, 기획부터 다시 하기로 했습니다. 다양한 전공과 지역의 인턴들이 처음 모인 것부터 시작했습니다. 점점 적극적으로 업무에 임하는 과정을 중점적으로 스토리를 풀었습니다. 한번 만드는 인턴 영상을 대충 끝내고 싶지 않았습니다. 직접 카메라를 들고 다니며 재미있는 영상을 새로 찍었고, 편집 프로그램을 배우며 팀의 업무 효율을 높였습니다. 송도까지 먼 거리였지만, 주말 출근까지 자초하며 자막, 그래픽 등의 후반 작업으로 계속해서 발전시켰습니다.

그 결과, 인턴들과 직원들 모두에게 감동을 주는 영상을 제작할 수 있었고, 큰 성취감을 맛보았습니다.

",1
37,"[사용자의 입장에서 생각하고 발전시켜라]
'서비스 디자인 워크숍'에 참가하여 연희동에 위치한 단청 공방의 체험 서비스를 실질적으로 개선하였습니다. 제가 직접 체험자가 되어 공방에 들어가는 시점부터 나오는 시점까지의 여정을 시각화하여 분석했습니다. 크게 세 가지 문제점을 발견하였습니다.

첫째, 프로그램에 대한 설명의 부재입니다. 단청과 관련된 영상을 통해 단청에 대한 기본 지식은 갖추고 시작하였지만, 프로그램에 대한 설명이 없어 무엇을 해야 하는지 파악이 안되었습니다. 따라서 단청의 무늬와 색 등의 주요 정보와 함께 프로그램 설명이 담긴 팜플릿을 제작하였습니다.
둘째, 아이템 선정의 문제점입니다. 당시 날씨가 쌀쌀했음에도 불구하고, 종이부채에 단청물감을 칠하는 체험을 하였습니다. 계절과 상관없는 아이템을 생각하였습니다. 단청은 기본적으로 나무 위에 칠하는 것이라는 점과 공방의 주요 고객은 관광객들이라는 점을 감안하여 나무엽서로 아이템을 변경하였습니다.
셋째, 환경 서비스적인 부분입니다. 2시간 정도의 체험시간이 지루하지 않게 간단한 다과와 공방 느낌에 어울리는 전통 음악을 준비하였습니다. 명장과 함께 프로그램을 수료했다는 의미를 극대화하기 위해 포토존도 마련하였습니다.

이렇게 개선된 프로그램으로 실제 관광객들을 만족시켰습니다. 직접 체험자가 되어 니즈를 파악했기에 가능했습니다.

",1
38,"Smart Home 서비스 사업기획 준비 완료]

Home과 관련하여 두 개의 프로젝트를 진행한 적이 있습니다.

첫째로, 건설 회사 인턴 당시 미래 사업팀에서 '홈서비스 플랫폼'을 기획하였습니다. 생활에 필요한 홈서비스 '제공자'와 '고객'을 연결해주는 플랫폼을 구상하며, 홈서비스 산업에서 네트워크의 중요성을 깨달았습니다. 세상에 있는 모든 서비스를 제공한다는 생각으로, 타겟 층별 라이프스타일과 니즈를 분석하였습니다. 또한, 현재 존재하는 서비스 플랫폼 1,097개를 조사, 분류하여 공략 가능한 시장 등을 현실적으로 파악하였습니다. 단순 중개수수료 외에 회원 가입제, 부분 유료화 등의 수익모델을 구상하며 사업화하는 과정도 거쳤습니다. 이제 통신사의 입장에서 홈서비스를 바라보겠습니다.

둘째로, 학교 프로젝트로 가족 관계를 개선하는 가족 라이프스타일 브랜드를 기획하였습니다. 많은 현대인이 누구보다 가까워야 할 가족과 소통의 부재를 앓고 있었기 때문입니다. 가족 구성원들의 하루 일과와 생활패턴을 분석하여, 집 안에서 소통을 자연스레 유도할 수 있는 아이템을 선정하였습니다. 휴대폰 알람과 연동하여 서로의 하루의 시작이 언제인지 파악할 수 있는 가족 시계와 둘 이상이 함께할 때 더 따뜻하고 아늑한 분위기를 내는 식탁을 제작했습니다.

생활의 편리함부터 감성적인 충족까지, 이성과 감성을 겸비한 스마트 홈을 만들겠습니다.

",1
39,"[함께하는 기업, 금호타이어]

제가 금호타이어를 선택하게 된 이유는, 금호타이어라는 회사가 CSR, 즉 기업의 사회적 책임을 잘 수행하고 있는 기업이라고 생각했기 때문입니다. 금호타이어는 '금호아시아나그룹 이해관계자들의 삶의 질 향상'이라는 모토 아래, 기업의 이익뿐만이 아니라 사회 구성원들과의 동행을 목표로 하고 있습니다. 그리고 이를 실천하기 위해 호주의 유방건강 캠페인인 '핑크 피터스 데이'에 참여하고 있습니다. 뿐만 아니라, 여기에서 한 발짝 더 나아가 국내에서도 기부를 통해 '핑크 리본 캠페인'을 진행하고 있다는 것도 알게 되었습니다. 단순히 이익창출을 목표로 했을 때에는 성장에 한계가 있지만, 사회구성원들과의 동행을 목표로 한다면 더 큰 가치를 창출해 낼 수 있다고 생각해왔던 제 생각과 잘 맞는 기업이라는 생각이 들었습니다. 이처럼 도움이 필요한 이들에게 다가가 봉사를 실천하는 `함께하는 금호타이어`의 모습을 보고 금호타이어에 지원하게 되었습니다.

",1
40,"[소통하는 인재가 되자]

저는 HR 전문가가 되기 위해 노력하겠습니다. 외국의 훌륭한 HR 사례나, 배울 점들에 관해 찾아보고 연구해보고자 합니다. 또한, 함께 일하는 팀원들과 소통의 과정을 통해 어떠한 좋은 아이디어가 있을지에 대해 끊임없이 궁리를 해보려고 합니다. 그리고 HR 직무에서 일하면 다양한 사람들과 소통을 하게 되는 경우가 많을 것입니다. 이를 위해서는 먼저 저 자신이 소통할 수 있는 상태가 되어있어야 한다고 생각합니다. 사내교육을 통해 사람과 원활하게 소통하는 방법에 대해 좀 더 배우도록 노력하겠습니다. 준비가 되었다면, 회사 직원들이 주인공이 되어 자신들의 이야기를 할 수 있는 프로그램을 만들어 보고자 합니다. 저는 훌륭한 연사분들의 강연을 듣는 것도 좋지만, 같은 곳에서 일하며 비슷한 경험을 하는 직원들의 이야기를 듣는 것도 큰 교육 효과가 있다고 생각합니다. 이처럼 직원들이 주가 되어 소통하는 프로그램을 만들어 직원감동을 실천할 수 있도록 노력하고자 합니다.

",1
41,"고객감동은 직원감동부터]

고객분들이 기업에 감동하여 상품을 구매하도록 하려면 우선 직원들이 회사에 감동하고 동기 부여되어 일하는 것부터 시작한다고 생각합니다. 동아리 신입회원 모집에 성공과 실패를 겪는 이유를 궁리해 본 이후, 이러한 생각을 갖게 되었습니다. 이러한 생각을 실현하기 위해 인사직무에 지원하게 되었습니다.

[말보다는 행동]

인사직무에서는 타인에게 적극적으로 다가가 소통하는 능력이 필요하다고 생각합니다. 이 점에서 저는 강점이 있습니다. 대학교 1학년 때, 더 좋은 학교를 위해 반수를 한 친구가 있었습니다. 친구들은 문자메시지로 격려했지만, 저는 그렇게 말로만 격려한다고 도움이 될까 하는 생각이 들었습니다. 그래서 저는 그 친구를 직접 찾아가 밥도 같이 먹고, 제가 재수생활을 하며 얻은 팁들을 전수해주었습니다. 그 친구는 반수에 실패하여 다시 돌아왔지만, 그때의 이야기를 꺼내며 감동받았다고 이야기하곤 합니다. 이처럼 저는 적극적인 행동을 통해 타인과 소통하고자 했습니다.

",1
42,"[Mission I`m possible]

대학교 밴드 활동을 했을 때의 일입니다. 공연을 앞두고 휴학을 한 친구로 인해 제 팀의 드럼파트가 공석이 되고 말았습니다. 이 문제를 해결하기 위해 팀장이었던 제가 단기간 내에 드럼을 배워 맡기로 결정되었습니다. 이로 인해 저는 한 달 동안 학원까지 다니면서 연습을 하게 되었습니다. 처음에는 불가능한 도전이라는 생각이 들었습니다. 학원에 다니면서 열심히 연습한다고 해도 한 달이라는 기간은 너무 짧다고 생각했습니다. 하지만 `이미 물은 엎질러졌고, 나조차 하지 못한다면 공연은 끝이다`라는 절박함과 책임감을 갖고 연습에 임했습니다. 그 결과 공연 곡들만큼은 연주할 수 있는 수준에 도달하게 되어 다행히 성공적으로 정기 공연을 마무리 지을 수 있었습니다.

이 경험을 통해 도전정신을 얻게 되었습니다.`한번 해보지 뭐`라는 마인드를 갖게 되었습니다. 또한, 절박함과 책임감을 가지고 일에 임한다면 못할 것이 하나도 없다는 생각도 하게 되었습니다.


",1
43,"[신뢰의 다른 이름, 정직함]

음식점에서 음식값을 내고 거스름돈을 받아야 할 액수보다 더 많이 돌려받은 일이 있습니다. 계산하시는 분도 인지하지 못하는 것 같았고, 순간 모른척하고 가게를 나설까 하는 생각이 들기도 했습니다. 하지만 양심의 가책도 느꼈고, 단돈 몇 푼 때문에 이렇게 정직하지 않은 사람이 될 것인가 하고 부끄러워지기도 했습니다. 그래서 바로 계산하시는 직원분께 가서 상황을 설명해 드리고 더 받은 돈을 돌려 드렸습니다. 그분께서는 매우 고마워하시면서 꼭 다시 가게를 찾아오라고 당부하셨습니다. 그로 인해 저는 그 이후, 그 가게를 찾을 때마다 서비스도 받고 큰 환대를 받기도 했습니다.

이처럼 저는 순간의 유혹을 뿌리치고 정직함을 통해 신뢰라는 더 큰 가치를 창출해 냈습니다. 금호타이어에 입사하여서도 고객분들이나 다른 직원분들을 대할 때, 항상 정직하게 임하여 신뢰받는 사원이 되도록 하겠습니다.

",1
44,"제가 가장 중요하다고 느끼는 최근 사회적 화두는 ‘기업의 사회적 책임’이라는 점을 꼽고 싶습니다. 과거 성장위주의 시대에서, 기업의 중요 화두는 경쟁사와의 우위점유를 통해 공격적인 시장 점유, 매출 및 순이익 증감에 주안점을 두었습니다. 하지만, 현재의 저성장 시대와 시장포화 상태에서 기업의 주안점은 보유하고 있는 시장의 관리와 새로운 시장에 대한 안정적인 진입에 관심을 가지고 있습니다. 또한 고객의 요구가, 기존의 수익성 위주에서 안정성으로 변화하고 있는 상황에서 기업의 이미지는 고객의 선택에 중요한 기준이 되고 있습니다.

이러한 변화에 발맞춰, 많은 기업이 자사의 사회적 기여활동을 홍보하고, 특히 사회적으로 논란이 일었던 기업의 경우, 더욱 적극적으로 사회적 책임을 보여주고 있습니다. 대표적인 사례로 언급되는 것이 SK와 롯데그룹이 북한의 도발로 인해 전군 경계태세가 강화되었을 때, 전역을 미룬 장병들을 우선 채용하고 홍보한 사례가 있습니다.

이처럼, 우리 사회에서 기업은 더 이상 이윤만을 추구하는 조직이 될 수 없습니다. 특히 삼성화재처럼 금융서비스를 제공하는 기업의 경우, 기업 재무 안정성과 기업의 긍정적 이미지는 고객의 상품선택에서 큰 영향을 주는 요인이 될 수 있습니다. 현재 삼성화재에서 추진 중인 글로벌 시장 진출 역시, 현지 사회에 대한 기업의 긍정적 이미지 구축이 전제되어야 합니다.

",1
45,"<동아리 회계를 통해 책임감을 배우다>

대학교3학년 때, 동아리 회원들의 추천으로 중앙동아리 리셉션의 총무를 맡아, 동아리의 자금을 관리했던 일입니다. 그 당시 동아리에서는 매 학기 정기 회비를 걷고 있음에도 불구하고 항상 자금이 부족했고, 예산을 초과하는 일이 많았습니다.

이러한 문제점을 해결하기 위해 장부를 쓰는 것과 함께 일주일마다 한 번씩 회의시간에 정산 결과를 발표해서 회비가 투명하게 사용될 수 있도록 노력했습니다. 또한 발품을 팔아 더 저렴한 행사 장소를 섭외함으로써 비용을 줄일 수 있었습니다. 그뿐만 아니라 한 번도 계산을 틀리지 않고, 회비를 관리하였습니다.

카드는 단순히 얼마를 할인해주고 어디서 혜택을 주는지를 알려줍니다. 카드는 고객의 생활에 큰 도움이 되리라 생각합니다. 삼성카드에서 카드를 통해 고객들의 생활의 편리를 돕겠습니다.

",1
46,"<적극적으로 다가가자>

저는 삼성카드의 고객에게 먼저 다가가는 서비스를 제공하고 싶습니다. 어린 시절 학급반장을 항상 맡으며 적극성에대한 모습을 기를 수 있었습니다. 이런 모습을 통해 남들에게 먼저 다가가는 적극성을 길렀고, 사람들과 친밀히 지내는 역량을 길러왔습니다.

대학교 때 국제워크캠프에 참가하며 프랑스를 다녀왔습니다. 7개국의 사람들과 1달간 지내야 했기에 먼저 다가가 친밀한 관계를 구축하려 노력했습니다. 행사와 일을함에 있어서도 자발적으로 움직이면서 노력했습니다.

언어로 원활히 소통하지 못했지만 먼저 적극적으로 다가간다면 서로의 마음은 진심으로 나눌 수 있음을 알게 되었습니다. 삼성카드에서도 수많은 고객, 그리고 동료들에게 먼저 다가가고 적극적으로 맡은일을 수행하는 사람이 되겠습니다.



",1
47,"<공유경제>

100세시대를 살아가는데 있어서 공유경제는 꼭 실현되야 합니다.

 경제성장의 혜택을 모든 국민이 공유하면서 지속적이고 건전한 국가발전을 도모하기 위해 앞으로 매우 중요시 될 것입니다. 삼성은 대한민국의 경제 활성화를 위해 힘쓰는 국내 최고의 기업이라고 확신합니다.

제가 맡은 고객님들 한분 한분을 섬기는 마음으로 상부상조의 정신을 계승하여 고객의 삶의 질을 향상하는데 그치지 않고 다양한 지역개발 사업을 전개하는데 일조하여 지역공동체 발전을 끌어내야 합니다. 이러한 노력을 통해 고객들의 생활수준 향상에 주력함으로써 국민경제의 발전을 끌어낼 수 있다고 생각합니다.

  이러한점에 있어서 카드는 단순히 얼마를 할인해주고 어디서 혜택을 주는지를 알려줍니다. 카드는 고객의 생활에 큰 도움이 되리라 생각합니다.카드에서 카드를 통해 고객들의 생활의 편리를 돕겠습니다.

",1
48,"저는 우연히 TV를 보던 중 삼성물산에서 부르즈 칼리파의 시공과정을 보게 되었습니다. 부르즈 칼리파는 829.84m의 높이, 월드컵 경기장보다 500배 큰 엄청난 규모를 자랑하는 건축물입니다. 높이가 세계 1위라는 것 뿐만 아니라 동원된 기술력도 세계 최고 수준의 기술이 사용되었고 건물을 완공하는데 47개월 밖에 걸리지 않았다는 것에 놀라고 그 도전정신에 매료되었습니다. 그 후 삼성물산(건설)에 대한 호기심을 해결하기 위하여 삼성에서 주관하는 멘토링에 참여하여 삼성물산(건설)에서 어떤 것을 중요하게 생각하는지, 어떤 부분에 경쟁력을 가지는 것이 좋은지 등 많은 것에 해답을 찾아 하나씩 준비해 나갔습니다. 저는 삼성물산(건설)은 각종 분야에 모험과도 같은 도전에 참여하여 성공이라는 글자의 달성에 도움이 되고 싶습니다.

삼성물산(건설)은 ENR에서 선전한 세계 21위의 건설회사로 위상을 떨치고 있습니다. 다양한 분야에서 좋은 모습을 보여주고 있는 삼성물산(건설)이기에 우선 자기계발을 통한 전공지식과 많은 분야에 대한 경험을 축적하는 것이 우선이 되어야 한다고 생각합니다. 전문 지식과 노하우를 가진 삼성물산(건설)에 특성화된 인재가 되어 모든 건축물 중 최고라고 인정받는 건축물의 완공에 0.1% 이상의 가능성을 올리는 전문가로 성장하겠습니다.

",1
49,"초등학교 3학년, 한창 호기심 많고 장난도 심한 시절에 장난으로 친구를 가격하고 꼬집는 등 괴롭히는 행동들을 많이 했습니다. 저의 과한 행동들 때문에 친구들과 화를 내고 서로 싸우는 일이 많이 발생하여 선생님에게 혼나기 일쑤였습니다. 그때 선생님이 자신의 행동만을 생각하지 말고, 상대방의 입장이 되어 생각하라는 사자성어인 역지사지[易地思之]를 말씀하셨습니다. 이 말이 저의 철없던 행동들을 되돌아보게 되었고 남들이 생각하기에 너무 소심하다고 볼 수 있겠지만, 제 처신으로 인해 상대방이 어떻게 생각하는지 먼저 생각해 볼 수 있는 마음가짐인 배려심을 가지게 되었을 뿐만 아니라 가장 합리적이고 이상적인 선택을 할 수 있는 계기가 되었습니다.

대학교 시절 소리샘이라는 보컬 동아리에서 활동한 경험을 통해 대인관계 능력을 길렀습니다. 소리샘은 봄과 가을마다 공연을 위해 3달간 팀을 이루어 연습하곤 합니다. 1인 체제가 아닌 5~6명 정도가 팀을 이루어 공연 준비를 하는데, 처음 알게 된 팀원도 있을뿐더러 한 번도 같이 호흡하지 않은 사람들과 연습을 하는 것이 매우 힘들었습니다. 그래서 연습 전 팀원들과 간단한 식사를 하거나 연습 후 회식을 하여 서로에 대하여 조금씩 알아가거나 연습 중 가벼운 농담으로 친해지기 위해 먼저 노력하였습니다. 그 결과 화목한 팀이 되었고 서로에 대한 신뢰가 쌓여 연습 시 시너지 효과를 발생시켰으며, 3개월이란 시간이 지난 후 공연에서 관객들의 뜨거운 호응을 받을 수 있는 팀이 되었습니다. 저의 첫 팀 작업 경험으로 커뮤니케이션의 중요성과 시너지 효과를 알게 해 준 경험이었습니다.

군 생활 중 수색대로 배치를 받았습니다. 비록 최전방 수색대는 아니었지만, 체력이 중요한 군대에 비해 저의 체력은 수준 미달이었습니다. 운동하는 것을 좋아하지 않고 힘든 일을 꺼리는 성격을 지니고 있었기 때문에 적응할 때까지 매우 힘들었습니다. 저의 최고선임인 이성훈 병장은 막내인 저에게 무서운 사람이었지만 친절할 땐 한없이 친절한 선임이었습니다. 마지막 체력측정이 있던 날, 마지막 3km 달리기 도착점 100m 앞에서 이성훈 병장이 응원하는 목소리를 듣고 전력질주하여 특급체력을 달성하였습니다. 꾸준한 운동과 이성훈 병장의 응원이 저에게 큰 힘이 되었고 그 당시 말로 표현할 수 없는 기분이었습니다. 이 경험이 저에게 꾸준함과 성취감, 남에게 인정받을 때의 기쁨을 깨닫게 해 주는 계기가 되었고, 학교로 돌아왔을 때 하고자 하는 일을 열심히 하는 원동력이 되었습니다.

저의 Section 2는 아직 시작하지 않았습니다. 지금 성장과정 중 경험을 통해 삼성물산(건설)에서 제 인생의 Section 2를 시작하고 싶습니다.

",1
50,"2013년 국회는 정년을 60세까지 늘리는 ‘고용상 연령 차별금지 및 고령자 고용 촉진에 관한 법 개정안’을 통과시켰습니다. 그에 따라 2016년까지 정년연장에 대한 대책으로 공공기관 및 기업의 임금피크제 도입이 최근 가장 중요한 사회이슈입니다.

임금피크제란 정년을 연장하는 대신 임금을 삭감하는 제도라고 일반적으로 알려졌습니다. 임금피크제의 장점으로는 정년이 연장, 보장되고 신규 일자리 창출에 도움이 된다고 합니다. 하지만 임금 체계가 혼란되고 신규 일자리 증가가 보장된다는 확신이 없어 많은 반대에 부딪히고 있습니다. 정년 연장이 법제화되어 임금피크제가 시행해야 할 처지에 놓여있지만 도입하기란 쉽지 않습니다.

임금피크제의 안정적 도입 방안으로 우선 중?고령 인력 활용방안에 대한 충분한 검토가 필요하다고 생각합니다. 중?고령의 전문지식이나 노하우는 상당하나 건설업의 특성상 고령자의 활용에 소극적인 자세를 취할 수도 있습니다. 그러므로 국내와 국외, 그리고 본사나 현장에서 일하는 중?고령자의 상황을 충분히 인지하여 그에 맞는 활용방안을 제시하여야 할 것입니다. 또한, 올바른 유형을 선택하거나, 유형들의 장점만을 가져가 적합한 임금피크제를 도입하여야 할 것입니다. 청년들의 불안가을 해소하기 위해 임금피크제의 시행으로 삭감된 중?고령자의 임금 중 몇 %정도 신규 일자리 창출에 사용할 것인지도 회사에서 정하여 널리 알리는 것도 중요하다고 생각합니다.

삼성그룹도 2016년 삼성전자를 시작으로 2017년까지 단계적으로 도입할 예정이라고 알고 있습니다. 임금피크제와 같은 제도적인 부분은 처음부터 완벽할 수도 있겠지만, 어느 곳에서 문제점이 발견될지는 모른다고 생각합니다. 그러므로 임금피크제에 대해 장기적인 시점에서 수정, 보완하여 기업과 근로자 모두 만족할 수 있는 결과를 만들어야 할 것입니다.

",1
51,"학부생일 때 안드로이드와 게임에 관심이 많아서, 혼자서 커버할 수 있는 수준의 작은 안드로이드 앱을 만들어 보고자 했습니다. 그래서 한달 정도의 시간을 투자하여 작은 게임 앱을 만든 경험이 있습니다. 비록 화려하고 큰 앱은 아니었지만 짧은 기간동안 많은 것을 경험할 수 있었고 재밌었습니다. 앵그리버드처럼 여러 개의 스테이지도 구성하고 그림, 사운드에 사용할 리소스를 구하기도 하였습니다. 혼자서 책과 인터넷에만 의존하여 수행하다보니 어려운 점이 많았지만 스스로 최대한 생각해내고 많은 걸림돌을 해결해가다보니 어느 정도의 결과물을 만들 수 있었습니다. 또한 처음으로 마켓에 등록도 해보고 제 스마트 폰으로 직접 다운받아 플레이해보니 신기하기도 하고 특별한 경험이었다고 생각합니다. 누군가가 시켜서 하는 것이 아니라 스스로 하고 싶어서 계획하고 실행한 경험은 처음이었습니다. 이 경험을 통해서 미래에는 내가 정말 좋아하고 가슴이 뛰는 일을 하고 싶다는 생각이 들었습니다. 이렇게 도전정신과 열정을 갖고 내부적인 동기를 가지고서 능동적인 자세로 일을 한다면 직무를 효율적으로 수행할 수 있다고 생각합니다.
대학원에 입학한 후로는 학술대회에 참가하여 논문을 발표 하고 연구실 프로젝트와 관련한 데모를 구현함으로써, 이론으로만 알고 있던 지식을 다른 분야에 접목하고 활용할 수 있는 능력을 기를 수 있었습니다. 또한 제 연구 분야와 관련한 동향을 파악하고 새로운 아이디어를 얻기 위해 지속적으로 논문을 읽고 세미나에 참석하고 있습니다. 최근에는 이슈가 되고 있는 딥러닝 (Deep Learning)에 관심이 많아서 이와 관련한 논문들도 읽어보고 대표적인 딥러닝 기법들에 대해서도 공부를 했습니다. 이처럼 맡은 분야의 최신 동향에 항상 관심을 갖고, 변화에 뒤쳐지지 않는 능력도 직무 수행에 있어 중요하다고 생각합니다.


",1
52,"교내 공모전에 참여하여 수상한 것은 가장 큰 성취경험이었습니다. 처음에는 그냥 해보자는 식으로 시작했지만, 작품의 완성도를 계속 높이고자 하는 내부적인 동기가 점점 커졌습니다. 이 경험을 통해서 나도 뭔가 할 수 있구나 라는 자신감을 갖게 되었습니다. 무엇보다 누가 가르쳐 준 것이 없어도 능동적이고 주도적인 과정을 통해서 스스로 아웃풋을 만들었다는 점이 중요하다고 생각합니다. 이러한 내부적인 동기를 가지고 일을 한다면 어떤 일을 하더라도 열정과 끈기를 가지고 완수할 수 있을 것입니다.
학부 생일때 교환학생을 가지 못한 것을 실패한 경험으로 생각합니다. 영어시험을 두달동안 열심히 준비하여서 시험을 보았으나, 기준점수에서 1점이 모자라 결국 교환학생의 꿈을 포기하였습니다. 짧지 않은 기간 동안 준비를 했는데 너무 아깝게 점수가 미달되어서 아쉬운 기분이 오래 남은 경험이었습니다. 하지만 이를 계기로 영어실력이 많이 향상될 수 있었고, 어떠한 경험이든 모두 도움이 된다는 것을 깨달았습니다.


",1
53,"최근 딥러닝이 기계학습 분야에서 가장 큰 화두가 되고 있습니다. 현재 연구하고 있는 추천시스템 뿐만 아니라, 텍스트 마이닝, 음성 인식 등 인공지능과 관련한 다양한 분야에 딥러닝을 활용한 연구를 하고 싶습니다. 또한 이러한 IT 기술을 실제 LG 제품에 적용하여, 사용자들에게 만족과 행복을 주고 싶습니다. 저의 궁극적인 희망사항은 제가 잘하고 재밌는 일을 하며 사는 것입니다. 10년 뒤에는 LG인으로서 그러한 일을 하며 행복하게 살고 있을 것이라고 생각합니다. 또한 제가 맡은 분야에서 최고가 되는 것도 저의 꿈입니다. 이를 위해서 끊임없이 자기계발을 할 것이고 변화하는 시대에 뒤쳐지지 않기 위해 최선을 다 할 것입니다. 그리하여 최종적으로는 타인으로부터 신뢰받고 사회에서 필요로 하는 LG인이 될 것입니다.

",1
54,"[future of CJ대한통운 is my way]

CJ대한통운은 국내 및 국제 물류 사업, 컨테이너, 택배 등의 여러 주된 사업을 하고 있으며 국내 최고의 운송회사, 3자 물류 선두 기업으로써 그 입지를 굳건히 하고 있습니다. “The Global Logistics""라는 비전으로 2020년 글로벌 TOP5 물류기업으로 성장하고 있습니다.

발 빠른 정보 수집과 신선한 추진력으로 고객의 Needs에 적절히 대응하며, 신속 정확한 door to door를 실현하여 고객에게 더 나은 최고의 서비스를 제공하고자 합니다. 저의 가치관인 소통의 중요성을 바탕으로 팀원과의 소통뿐만 아닌 타부서와의 긴밀한 연계를 통해 최적의 물류 프로세스를 구축하고자 저는 CJ대한통운 물류 운영팀을 지원하게 되었습니다.


[파장의 계기]

과거 택배를 통해 대한통운을 알았습니다. 그리고 대한통운과 CJ의 합병은 우리나라의 물류시장을 흔들어놓을 파문을 일으켰습니다. 물류 전공자로서 이러한 CJ대한통운의 위상에 보탬이 되고자 하는 마음가짐을 가지게 되었습니다. 또한, 대학 강의 중 CJGLS 비즈니스, 물류컨설팅방법론을 수강하면서 CJ에 대한 꿈을 키웠으며, 역량을 키우고자 물류관리사 자격증을 취득하였습니다. 또한, 글로벌 기업에 맞게 꾸준히 외국어 능력을 키워나가고 있습니다.


[진실한 마음]

저는 3년간 레스토랑 아르바이트를 한 경험이 있습니다. 음식이나 시간에 대해 문제사항이 생기게 되면, 고객이 우선이란 생각으로 문제를 해결하기 위해 진심을 다했습니다. 그 결과 고객 또한 저를 배려하였고, 이해를 해주었습니다. 저의 진심은 통했습니다.

이러한 진실한 마음이 상대방의 마음을 열 수 있는 열쇠가 되었듯이, 제가 그 열쇠가 되어 모든 고객의 마음을 열고자 합니다.

CJ대한통운은 제가 바라보고 함께 하고자 하는 기업으로 고객의 가치를 최우선으로 생각하며, 고객에게 사랑받는 세계 선두 물류기업으로 나아가고 있습니다. 무한한 글로벌 항로에 뛰어들어 저의 역량으로 보탬이 되고자 합니다.

",1
55,"[건강한 밥상]

외갓집에 가면 언제나 신선한 채소가 식탁에 올라왔습니다. 외할머니께서는 텃밭의 채소를 이용해 건강한 음식을 만들어 주셨습니다. 직접 농사지은 채소로 더욱 맛있게 먹었던 기억이 있습니다. 이러한 경험을 통하여 건강한 밥상이 주는 행복을 알게 되었고, 건강한 식자재를 유통하는 CJ프레시웨이에 관심을 갖게 되었습니다.

[고객 감동을 경험하다]

저는 자영업을 하시는 부모님을 도우면서 고객을 감동시킨 많은 경험을 가지고 있습니다. 저는 항상 고객의 입장에서 생각하여 서비스를 제공하였습니다. 그 결과, 많은 물건을 판매할 수 있었고, 단골이 되어 저에게 다시 기쁨을 주었습니다. 부모님을 도우면서 보람을 느꼈고, 고객과 직접적인 교류를 통해 감동을 주는 유통, 영업 직무에 관심을 가지게 되었습니다.

[영업력을 발휘하다]

저는 아프리카 어린이를 위한 자원봉사에 참여한 경험이 있습니다. 좋은 목적과 달리 처음에는 사람들의 관심을 얻지 못하여 어려움이 많았습니다. 그래서 저는 페트병에 흙을 담아 더러운 물을 만들어 직접 사람들에게 보여주며 도움을 요청하였습니다. 저의 아이디어로 많은 사람들이 후원에 직접 참여하여, 성공적인 자원봉사가 될 수 있었습니다. 창의적인 생각과 행동하는 열정으로 영업 이익 증가에 큰 역할을 하는 직원이 되겠습니다.

[NO.1, CJ프레시웨이]

“CJ프레시웨이, 고객 종합만족도 10년 연속 1위” 10년 후, 신문 1면에 실릴 기사 내용을 상상한 것입니다. 이러한 목표를 달성하기 위해서 초심을 잃지 않고 최선을 다하는 열정을 보여드리도록 하겠습니다. 또한, 업무에 대한 전반적인 파악, 적응을 하고 조직에 빠르게 융화되겠습니다. 입사 5년 후에는 식자재 유통영업의 실무자로서 SNS, 빅 데이터 검색 등을 이용하여 고객들의 요구와 시장을 철저하게 분석하고, CJ프레시웨이만의 장점을 극대화하겠습니다. 입사 10년 후에는 유통영업 NO.1 전문가가 되고, 내가 가진 노하우를 후배들에게 전해주어 존경받는 선배가 되도록 노력하겠습니다.


",1
56,"[철저한 준비를 통하여 한계에 도전하다]

평소 내가 가진 한계가 궁금하단 생각을 종종 하였습니다. 그러던 와중에 눈 덮인 설악산의 절경을 보게 되었고 친구들과 함께 설악산 등산에 도전하였습니다. 저는 등산을 준비하는 과정에서 애초에 계획하였던 코스보다 어려운 코스에 도전하자고 친구들을 설득하였고, 중상급 코스로 등산 계획을 수정하였습니다. 초보자에게는 어려운 코스의 등산과 겨울에 등산하는 것이 처음이라 두려움이 많았지만 집 근처의 산을 여러 번 등산하고 체력훈련을 거듭하면서 ‘해낼 수 있다’라는 자신감이 생겼습니다. 등산화, 아이젠 등 필요한 품목을 미리 준비하여 사용해 보았고 등산, 하산 코스를 지도를 보면서 미리 파악하였습니다. 그리고 예상 도착시간을 계산하여 안전한 산행이 될 수 있도록 준비하였습니다. 하지만 정상을 향해 올라가는 길이 생각보다 험난하였습니다. 체감온도 영하 20도 이상의 극심한 추위와 체력 소모로 인해 갑작스럽게 다리 경련이 계속해서 일어났고, 사전에 준비한 비상식량이 부족해지는 등 위험한 고비가 많이 있었습니다. 또한, 설상가상으로 친구들 중 한 명이 많이 지쳐서 제대로 걷지를 못하면서 인원 전체가 걷는 속도가 떨어졌고, 이로 인해 예상보다 시간이 훨씬 지체되기도 하였습니다. 그러나 저희는 포기하지 않았습니다. 저와 친구들은 지친 친구를 돌아가면서 부축하였고, 정상을 향해 쉬지 않고 걸어갔습니다. 포기하지 않고 끝까지 노력한 결과, 낙오자 없이 모든 인원이 설악산 정상에 설 수 있었습니다. 힘든 상황 속에서 모두가 합심하여 정상에 올랐다는 기쁨과 해냈다는 성취감을 느낄 수 있었습니다. 경험해보지 못한 것에 대한 두려움이 많았지만 철저하게 준비를 하고, 팀워크를 발휘하여 협동한다면 원하는 결과, 좋은 결과를 얻을 수 있다는 것을 깨달았습니다. CJ프레시웨이의 식자재 유통영업 직무를 수행할 때에도 철저한 준비를 통하여 예상치 못한 변수에 빠르게 대응하여 공동과 개인의 달성에 성공하는 직원이 되겠습니다.

",1
57,"[이동근님의 실시간 검색 어 1위 : 성실]

어릴 적부터 아버지께서 힘든 노동일을 하시면서 항상 강조하셨던 부분이 성실이었습니다. 아버지께서는 비록 배운 것은 없지만 성실히 일함으로써 주변사람들에게 인정을 받을 수 있었다고 하셨습니다. 저도 아버지의 영향으로 어떤 일을 하기 전에 항상 시간 계획을 세우는 습관을 가졌습니다. 21살 당시, 선술집에서 요리를 하던 당시 6개월 동안 단 한번도 지각과 결근을 한 적이 없습니다. 채용 된지 한 달 정도 지난 후 사장님으로부터 “자네같이 성실한 사람은 계속 같이 일하고 싶다네. 나중에 취업이 되지 않으면 이쪽 업계에서 요리사로 함께 일해 보세.”라는 말을 들을 정도로 맡은 일에 책임감과 성실함을 인정받았습니다. 성실함은 사람들에게 신뢰와 믿음을 주는 기본적인 자질이라 생각합니다. 영화 ‘나 우 유 씨 미’ 에서 “신뢰와 믿음으로서 산도 움직인다.” 라는 말처럼 자기 일에 대한 믿음과 열정을 가진 제가 도레이BSF人의 마음을 움직여 보고 싶습니다.

[타인에게는 겸손하게 자기 자신에게 부끄럽지 않게]

저의 생활신조입니다. 항상 저 글귀를 마음속에 품고 인생을 살아가고자 합니다.

저는 우선 항상 스스로에게 부끄럽지 않는 삶을 살고자 합니다. 그 누구보다 저를 잘 아는 사람은 저 자신이기 때문입니다. 타인이 아무리 저를 인정해 주더라도 저 스스로에게 부끄러운 행동을 한다면 빈껍데기만 남은 사람이 될 것입니다.

또한 저는 다른 사람에게 항상 겸손하고자 합니다. 훗날 제가 경력이 쌓이고 전문성을 갖춘다고 하더라도 세상에는 제가 아는 것 보다 모르는 것이 더 많을 것이기 때문입니다. 세 사람이 걸어가면 반드시 그 중에 스승이 있다는 말이 있습니다. 항상 배우고자 하는 마음을 견지하며 발전하고 싶습니다.

",1
58,"[유기적인 지식과 의사소통능력을 겸비한 인재]

도레이BSF의 연구개발 직무에는 정보의 분석력과 의사소통능력이 가장 중요하다고 생각합니다. 먼저 정보의 분석력을 갖추기 위해서는 이론적 지식과 이해가 바탕이 되어야 주어진 정보를 활용할 수 있고 분석할 수 있다고 생각합니다. 저는 재학 중인 금오공과대학교에서 다양한 film 중심의 재료에 관해서 공부하여 이론적 지식 습득에 최선을 다하였고, 우수한 성적으로 인정을 받았습니다. 고분자 전공에 대한 수업을 들으며 범용 고분자인 PE, PP, PVC등을 배우면서 이러한 film 제품을 만들기 위해 가장 중요한 것이 제품의 원료인 Monomer의 품질이라고 배웠습니다. 그 중 고분자 합성이라는 과목은 고분자를 다루는데 필수적인 과목입니다. 왜냐하면 일단 고분자라는 물질이 있어야 분석을 하고 성질을 파악 할 수 있기 때문입니다. 고분자를 합성 할 때 고려할 요소는 기기의 온도 및 첨가제와의 배합비율, 합성시간 등이 있습니다. 그래서 합성을 가르치던 교수님은 책의 내용뿐만 아니라 실제 공정에서 위와 같은 요소를 고려하지 않아 발생할 수 있는 문제점 및 해결책을 제시해 주셨습니다. 저는 고분자 합성을 통하여 일반적인 고분자 공정을 배워 기본적인 전공지식을 습득 하였습니다. 그리고 polymer 연구실에서 주로 사용하는 origin프로그램의 사용법 또한 익혔습니다. 여기에서 그치지 않고, 이러한 이론적 지식을 설계프로젝트, 기업탐방, 고분자산업 동향파악 등과 같은 활동으로 이론적 지식을 실제적으로 활용하기 위해 상당한 노력을 했습니다.

두 번째로, 의사소통능력을 갖추기 위해, 휴대폰조립 회사 생산부서에서 일을 한 경험이 있습니다. 당시 품질 관리 역할을 수행하던 중 갑자기 생산이 중단된 적이 있었습니다. 연구부서와 생산부서 간의 의사소통 결여로 인해 납품 해야 할 모델이 아닌 전혀 엉뚱한 제품을 생산했던 적도 있습니다. 구성원 내에서 협력과 소통이 긴밀히 이루어졌다면 손실을 줄일 수 있었을 것입니다. 당시 경험을 통해 깨달은 점이 있다면 소통을 위해서 여러 방법이 있지만 가장 선호하는 방법이 상대방의 의견들을 경청한 후, 의견을 종합하여 조율하는 것이 제가 가장 선호하는 방법이었으며, 가장 효율적인 성과를 낸 방법이었습니다. 이처럼 타 부서와 협력할 수 있는 원만한 대인관계 능력은 생산관리 직무 뿐만 아니라 연구 직무에서도 장점이 된다고 생각합니다.

",1
59,"[유기적인 지식과 의사소통능력을 겸비한 인재]

도레이BSF의 연구개발 직무에는 정보의 분석력과 의사소통능력이 가장 중요하다고 생각합니다. 먼저 정보의 분석력을 갖추기 위해서는 이론적 지식과 이해가 바탕이 되어야 주어진 정보를 활용할 수 있고 분석할 수 있다고 생각합니다. 저는 재학 중인 금오공과대학교에서 다양한 film 중심의 재료에 관해서 공부하여 이론적 지식 습득에 최선을 다하였고, 우수한 성적으로 인정을 받았습니다. 고분자 전공에 대한 수업을 들으며 범용 고분자인 PE, PP, PVC등을 배우면서 이러한 film 제품을 만들기 위해 가장 중요한 것이 제품의 원료인 Monomer의 품질이라고 배웠습니다. 그 중 고분자 합성이라는 과목은 고분자를 다루는데 필수적인 과목입니다. 왜냐하면 일단 고분자라는 물질이 있어야 분석을 하고 성질을 파악 할 수 있기 때문입니다. 고분자를 합성 할 때 고려할 요소는 기기의 온도 및 첨가제와의 배합비율, 합성시간 등이 있습니다. 그래서 합성을 가르치던 교수님은 책의 내용뿐만 아니라 실제 공정에서 위와 같은 요소를 고려하지 않아 발생할 수 있는 문제점 및 해결책을 제시해 주셨습니다. 저는 고분자 합성을 통하여 일반적인 고분자 공정을 배워 기본적인 전공지식을 습득 하였습니다. 그리고 polymer 연구실에서 주로 사용하는 origin프로그램의 사용법 또한 익혔습니다. 여기에서 그치지 않고, 이러한 이론적 지식을 설계프로젝트, 기업탐방, 고분자산업 동향파악 등과 같은 활동으로 이론적 지식을 실제적으로 활용하기 위해 상당한 노력을 했습니다.

두 번째로, 의사소통능력을 갖추기 위해, 휴대폰조립 회사 생산부서에서 일을 한 경험이 있습니다. 당시 품질 관리 역할을 수행하던 중 갑자기 생산이 중단된 적이 있었습니다. 연구부서와 생산부서 간의 의사소통 결여로 인해 납품 해야 할 모델이 아닌 전혀 엉뚱한 제품을 생산했던 적도 있습니다. 구성원 내에서 협력과 소통이 긴밀히 이루어졌다면 손실을 줄일 수 있었을 것입니다. 당시 경험을 통해 깨달은 점이 있다면 소통을 위해서 여러 방법이 있지만 가장 선호하는 방법이 상대방의 의견들을 경청한 후, 의견을 종합하여 조율하는 것이 제가 가장 선호하는 방법이었으며, 가장 효율적인 성과를 낸 방법이었습니다. 이처럼 타 부서와 협력할 수 있는 원만한 대인관계 능력은 생산관리 직무 뿐만 아니라 연구 직무에서도 장점이 된다고 생각합니다.

",1
60,"어느 상황에서든 주어진 일에 책임감을 가지고 성공적 결과를 위해 노력합니다.

이러한 장점으로 학교홍보대사 활동 중 부스 방문객을 3배로 끌어 올린 경험이 있습니다. 고교 입시박람회에 참여한 날, 예상했던 바와 같이 상위권 학교에만 입학상담을 위해 몰렸습니다. 학생들이 찾지 않는 부스를 보며 가만히 있다가는 계획했던 목표를 달성하기 힘들 것이라 판단하였습니다. 취업률을 강조한 멘트로 바꾸어 말하자고 담당하는 분께 먼저 제안 드린 후, 앉아서 때를 기다리는 것이 아니라 적극적으로 다가가 홍보물을 나누어 주었습니다. 이러한 저의 문제대응력 덕분에 오전 대비 오후에는 약 300 퍼센트 학생유치를 확보한 성과를 만들어 낼 수 있었습니다.

비서로서 업무를 맡을 때도 이와 같아야 합니다.

모시는 분의 니즈를 파악하기 위해 입장을 바꾸어 생각하고 소통하며, 필요한 서비스와 지원을 해야 합니다. 이러한 역할을 성공적으로 수행할 수 있다고 확신하는 배경은 제 강점인 커뮤니케이션 능력입니다. 기숙사 플로어 매니저로 1년간 일하며 50명에 이르는 사생들과의 소통에 무리가 없었습니다. 공석에서는 군대처럼 날카로운 매의 눈으로 사생들의 생활을 점검했지만, 사석에서는 친구처럼 언니처럼 행동하며 그들의 요구사항을 기숙사 측에 즉시 전달해주고 개선했기 때문입니다.

또한 외식업계 아르바이트를 통해 여러 부류의 사람을 대하는 법, 그들과 소통하는 법을 몸소 터득하여 상대방을 인정하고 배려하는 태도를 갖추었습니다. 제 이러한 경험들은 유관부서 및 내방객과의 소통이 중시되는 비서직을 수행해 나가는 데 큰 도움이 될 것이라 확신합니다.

",1
61,"학창시절 ′ 교환학생 프로젝트′를 성공적으로 수행하였습니다.

부모님 도움없이， 등록금 마련과 교환학생을 가기 위해 진행한 개인 프로젝트입니다.

저는 강한 체력이 비서에게 필수라고 생각합니다. 비서로서 제가 모시는 분보다 더 일찍 출근해 그 날의 업무를 정리해 보고한 후， 바쁜 일정을 소화하는 회장님과 동행하며 일해야 하기 때문입니다. 저는 이 시기 많은 아르바이트를 병행했지만 꾸준한 체력과 스트레스 관리로 지치지 않고 목표를 향해 전진할 수 있었습니다. 그렇기에 야근과 조기출근도 체력면에서 무리가 없을 것이라 자부합니다.

프로젝트의 성공적인 결과를 가지고 태국에서 다양한 국적의 친구들을 사귀며， 4개월 동안 10곳 이상 배낭여행을 다녔습니다. 그곳에서 비서의 중요한 역량인 어학능력향상과 함께 세계를 무대로 향해 나아가야 한다는 글로벌마인드도 배울 수 있었습니다. 아이에스동서 입사 후 국제 비즈니스 매너， 타 문화에 대한 폭 넓은 이해 등 글로벌 역량을 키워 대내외적으로 인정받는 비서가 되겠습니다. 제 2 외국어 공부 등 끊임없는 자기계발로 성장하여 전문비서로서 경쟁력을 갖추고 업무에 임하겠습니다.

",1
62,"학교홍보대사 근로 장학생으로 선발되어 홍보실에서 근무했었습니다.

공강 시간에 홍보실에 찾아가 입학상담 전화 받기 및 사무를 보조하는 것이 주 업무였습니다. 근무시간이 정해진 것 외에 명확한 업무가 없어서인지， 시간이 지날수록 몇몇 학생만이 근로를 하고 나머지 학생들에게서 성실하지 않은 모습이 많이 보였습니다. 공평하게 일을 하는 것이 합리적이라고 생각되어 담당 조교 선생님의 동의를 얻어 공평하게 일을 하는 방법을 모색했습니다.

조를 배치한 후에 업무를 분담하였는데 매달 담당하는 업무들을 순환하여 평균적인 업무량을 맞출 수 있도록 노력했습니다. 이 방식을 도입하고 난 후， 조별로 주어진 업무분량을 달성하기 위해 조원들이 합심하여 일하여 업무속도가 향상되었습니다. 업무속도가 향상된 만큼 업무시간이 줄어들어 나머지 시간을 자기 학습 등을 하며 효율적으로 보낼 수 있게 되었고， 근무분위기 또한 좋아졌습니다. 효율적으로 근무할 수 있게 만든 이 작업을 통하여 한 아이디어가 조직의 업무생산능력을 증진할 수 있다는 것을 배웠고， 근무자 모두를 만족하게 할 수 있다는 자신감을 얻었습니다.

",1
63,"저는 글을 쓰는 것과 여행하는 것을 좋아합니다.

시대의 트렌드를 적극 수용하고, 열린 마인드로 교류하는 블로그를 3년 넘게 운영 중입니다. 이를 통해 다양한 성향의 사람들과 의사소통하는 법을 배우고 동영상 편집과 글을 쓰는 능력을 길렀습니다.

이는 비서로서 사무 처리를 할 때 저만의 비밀병기가 될 것이라 생각합니다.

“사람이 재산이다.” 라는 마인드를 가진 저는 주변 사람과 소통하는 것이 좋습니다.

특유의 친화력과 의사소통 능력이 저의 특기라고 생각합니다. 저는 다양한 사람들과 함께 일하는 것을 즐기며， 제가 속한 조직이 최고의 능력을 발휘할 수 있도록 도와주는 것을 좋아합니다. 봉사활동 및 아르바이트 등 사회활동을 통해 인간관계의 중요성을 배우고 성장한 저는 일이 힘들어도 함께하는 사람들과의 관계가 좋으면 그 에너지를 통해 더 큰 일을 이루어낼 수 있다고 생각합니다. 아이에스동서 입사 후 긍정적으로 사고하고, 맡은 일에 책임을 다하겠습니다.

",1
64,"아이에스동서는 국내에서 건설 분야를 개척하는 선두주자입니다. 이러한 최고의 종합건설회사인 아이에스동서기 보다 큰 발전을 이룰 수 있도록 이바지하면서, 아이에스동서의 길에 함께 하고 싶습니다.

보험회사 팀 비서로 일하며 비서 실무와 서비스 업무를 경험하였습니다.

또한 편의점에서 재정 및 운영관리, 홀 서비스 아르바이트를 하며 타인을 먼저 생각하는 배려심, 사교성을 배웠습니다. 이러한 경험들과 꼼꼼하고 체계적인 계획으로 일을 진행하는 평소 성격은 저에게 비서직이 가장 잘 할 수 있고 적성에 맞는다는 확신을 주었습니다.

든든한 업무파트너인 비서로 더 크게 성장하고자 아이에스동서에 지원하게 되었습니다. 비서로 일하며 팀원들이 지시하지 않아도 먼저 일을 찾아 처리하던 저는 입사 후 매사 적극적이고 센스 있는 일처리로 신임을 얻겠습니다.


",1
65,"아이에스동서는 국내에서 건설 분야를 개척하는 선두주자입니다. 이러한 최고의 종합건설회사인 아이에스동서기 보다 큰 발전을 이룰 수 있도록 이바지하면서, 아이에스동서의 길에 함께 하고 싶습니다.

보험회사 팀 비서로 일하며 비서 실무와 서비스 업무를 경험하였습니다.

또한 편의점에서 재정 및 운영관리, 홀 서비스 아르바이트를 하며 타인을 먼저 생각하는 배려심, 사교성을 배웠습니다. 이러한 경험들과 꼼꼼하고 체계적인 계획으로 일을 진행하는 평소 성격은 저에게 비서직이 가장 잘 할 수 있고 적성에 맞는다는 확신을 주었습니다.

든든한 업무파트너인 비서로 더 크게 성장하고자 아이에스동서에 지원하게 되었습니다. 비서로 일하며 팀원들이 지시하지 않아도 먼저 일을 찾아 처리하던 저는 입사 후 매사 적극적이고 센스 있는 일처리로 신임을 얻겠습니다.


",1
66,"문장 스크랩복사공유1. 자신(성장과정, 성격의 장?단점, 학교생활 등)에 대하서 서술하세요. (800자 이내)

어느 상황에서든 주어진 일에 책임감을 가지고 성공적 결과를 위해 노력합니다.

이러한 장점으로 학교홍보대사 활동 중 부스 방문객을 3배로 끌어 올린 경험이 있습니다. 고교 입시박람회에 참여한 날, 예상했던 바와 같이 상위권 학교에만 입학상담을 위해 몰렸습니다. 학생들이 찾지 않는 부스를 보며 가만히 있다가는 계획했던 목표를 달성하기 힘들 것이라 판단하였습니다. 취업률을 강조한 멘트로 바꾸어 말하자고 담당하는 분께 먼저 제안 드린 후, 앉아서 때를 기다리는 것이 아니라 적극적으로 다가가 홍보물을 나누어 주었습니다. 이러한 저의 문제대응력 덕분에 오전 대비 오후에는 약 300 퍼센트 학생유치를 확보한 성과를 만들어 낼 수 있었습니다.

비서로서 업무를 맡을 때도 이와 같아야 합니다.

모시는 분의 니즈를 파악하기 위해 입장을 바꾸어 생각하고 소통하며, 필요한 서비스와 지원을 해야 합니다. 이러한 역할을 성공적으로 수행할 수 있다고 확신하는 배경은 제 강점인 커뮤니케이션 능력입니다. 기숙사 플로어 매니저로 1년간 일하며 50명에 이르는 사생들과의 소통에 무리가 없었습니다. 공석에서는 군대처럼 날카로운 매의 눈으로 사생들의 생활을 점검했지만, 사석에서는 친구처럼 언니처럼 행동하며 그들의 요구사항을 기숙사 측에 즉시 전달해주고 개선했기 때문입니다.

또한 외식업계 아르바이트를 통해 여러 부류의 사람을 대하는 법, 그들과 소통하는 법을 몸소 터득하여 상대방을 인정하고 배려하는 태도를 갖추었습니다. 제 이러한 경험들은 유관부서 및 내방객과의 소통이 중시되는 비서직을 수행해 나가는 데 큰 도움이 될 것이라 확신합니다.


2. 인생에서 가장 성공적으로 이루었던 일과 그것으로부터 얻은 것은 무엇입니까? (600자 이내)

학창시절 ′ 교환학생 프로젝트′를 성공적으로 수행하였습니다.

부모님 도움없이， 등록금 마련과 교환학생을 가기 위해 진행한 개인 프로젝트입니다.

저는 강한 체력이 비서에게 필수라고 생각합니다. 비서로서 제가 모시는 분보다 더 일찍 출근해 그 날의 업무를 정리해 보고한 후， 바쁜 일정을 소화하는 회장님과 동행하며 일해야 하기 때문입니다. 저는 이 시기 많은 아르바이트를 병행했지만 꾸준한 체력과 스트레스 관리로 지치지 않고 목표를 향해 전진할 수 있었습니다. 그렇기에 야근과 조기출근도 체력면에서 무리가 없을 것이라 자부합니다.

프로젝트의 성공적인 결과를 가지고 태국에서 다양한 국적의 친구들을 사귀며， 4개월 동안 10곳 이상 배낭여행을 다녔습니다. 그곳에서 비서의 중요한 역량인 어학능력향상과 함께 세계를 무대로 향해 나아가야 한다는 글로벌마인드도 배울 수 있었습니다. 아이에스동서 입사 후 국제 비즈니스 매너， 타 문화에 대한 폭 넓은 이해 등 글로벌 역량을 키워 대내외적으로 인정받는 비서가 되겠습니다. 제 2 외국어 공부 등 끊임없는 자기계발로 성장하여 전문비서로서 경쟁력을 갖추고 업무에 임하겠습니다.


3. 다른 사람과 함께 일을 진행한 경험에 대하여 구체적으로 서술하세요. (600자 이내)

학교홍보대사 근로 장학생으로 선발되어 홍보실에서 근무했었습니다.

공강 시간에 홍보실에 찾아가 입학상담 전화 받기 및 사무를 보조하는 것이 주 업무였습니다. 근무시간이 정해진 것 외에 명확한 업무가 없어서인지， 시간이 지날수록 몇몇 학생만이 근로를 하고 나머지 학생들에게서 성실하지 않은 모습이 많이 보였습니다. 공평하게 일을 하는 것이 합리적이라고 생각되어 담당 조교 선생님의 동의를 얻어 공평하게 일을 하는 방법을 모색했습니다.

조를 배치한 후에 업무를 분담하였는데 매달 담당하는 업무들을 순환하여 평균적인 업무량을 맞출 수 있도록 노력했습니다. 이 방식을 도입하고 난 후， 조별로 주어진 업무분량을 달성하기 위해 조원들이 합심하여 일하여 업무속도가 향상되었습니다. 업무속도가 향상된 만큼 업무시간이 줄어들어 나머지 시간을 자기 학습 등을 하며 효율적으로 보낼 수 있게 되었고， 근무분위기 또한 좋아졌습니다. 효율적으로 근무할 수 있게 만든 이 작업을 통하여 한 아이디어가 조직의 업무생산능력을 증진할 수 있다는 것을 배웠고， 근무자 모두를 만족하게 할 수 있다는 자신감을 얻었습니다.


4. 자신이 가진 취미와 특기에 대하여 상세하게 서술하세요. (300자 이내)

저는 글을 쓰는 것과 여행하는 것을 좋아합니다.

시대의 트렌드를 적극 수용하고, 열린 마인드로 교류하는 블로그를 3년 넘게 운영 중입니다. 이를 통해 다양한 성향의 사람들과 의사소통하는 법을 배우고 동영상 편집과 글을 쓰는 능력을 길렀습니다.

이는 비서로서 사무 처리를 할 때 저만의 비밀병기가 될 것이라 생각합니다.

“사람이 재산이다.” 라는 마인드를 가진 저는 주변 사람과 소통하는 것이 좋습니다.

특유의 친화력과 의사소통 능력이 저의 특기라고 생각합니다. 저는 다양한 사람들과 함께 일하는 것을 즐기며， 제가 속한 조직이 최고의 능력을 발휘할 수 있도록 도와주는 것을 좋아합니다. 봉사활동 및 아르바이트 등 사회활동을 통해 인간관계의 중요성을 배우고 성장한 저는 일이 힘들어도 함께하는 사람들과의 관계가 좋으면 그 에너지를 통해 더 큰 일을 이루어낼 수 있다고 생각합니다. 아이에스동서 입사 후 긍정적으로 사고하고, 맡은 일에 책임을 다하겠습니다.


5. 우리 회사와 해당직무에 지원한 동기에 대하여 서술하세요. (600자 이내)

 아이에스동서는 국내에서 건설 분야를 개척하는 선두주자입니다. 이러한 최고의 종합건설회사인 아이에스동서기 보다 큰 발전을 이룰 수 있도록 이바지하면서, 아이에스동서의 길에 함께 하고 싶습니다.

보험회사 팀 비서로 일하며 비서 실무와 서비스 업무를 경험하였습니다.

또한 편의점에서 재정 및 운영관리, 홀 서비스 아르바이트를 하며 타인을 먼저 생각하는 배려심, 사교성을 배웠습니다. 이러한 경험들과 꼼꼼하고 체계적인 계획으로 일을 진행하는 평소 성격은 저에게 비서직이 가장 잘 할 수 있고 적성에 맞는다는 확신을 주었습니다.

든든한 업무파트너인 비서로 더 크게 성장하고자 아이에스동서에 지원하게 되었습니다. 비서로 일하며 팀원들이 지시하지 않아도 먼저 일을 찾아 처리하던 저는 입사 후 매사 적극적이고 센스 있는 일처리로 신임을 얻겠습니다.


6.지원한 직무를 수행하기 위해서 구체적으로 어떠한 노력을 하였는지 서술하세요. (600자)

보육교사로서 반의 운영을 맡아 사무업무를 하고 보험회사 팀 비서로 근무한 경험이 있습니다. 보육교사로 일을 했을 때, 하루 종일 유아들을 케어 하는 업무였는데 이와 마찬가지로 비서로 근무했을 때도 FC가 자신의 업무에 더욱 집중할 수 있도록 도와주는 일을 하며 보람을 느꼈습니다. 사무보조 및 팀 내 재정관리, 업무 스케줄 등을 관리하였습니다.

학창시절 워드, 정보처리, 인터넷 검색사, ITO, MOS 4종 분야 MASTER를 취득한 저는 위에서 일을 주시면 처리속도가 빠르고 꼼꼼하다는 인정을 받았습니다. 또한 친절하고 효과적인 전화응대를 배우면서 현실 비서업무에 조금 더 다가가는 계기를 마련할 수 있었습니다.

저는 아이에스동서 입사 후 이러한 역량을 바탕으로 저에게 주어진 일을 책임감 있게 처리하겠습니다. 파트타이머로 일했던 짧은 비서생활이었지만 성격과 적성에 가장 잘 맞는 일이라는 것을 알게 되었습니다.

남의 가치를 존중하고 자신을 먼저 내세우지 않는 태도인 겸손은 비서의 중요한 역량 중 하나라고 생각합니다. 늘 겸손함과 함께 모시는 분이 자신의 업무를 더 효율적으로 처리할 수 있도록 서포터하는 비서로서, 더 높은 가치를 제공한다는 사명감으로 임하겠습니다.


첫째, 상사의 말을 경청하는 비서가 되겠습니다. 비서는 말하기보다 듣는 직업이라고 생각합니다. 항상 귀 기울여 듣고 기록하며 생각하고 행동하겠습니다.

둘째, 주어진 업무를 빠른 시간 안에 마스터해 멀티플레이어가 되겠습니다.

신입비서로서 익혀야 될 업무 매뉴얼이 많을 꺼라 예상됩니다. 모르는 것이 있으면 선배님에게 질문하고 공부하며 업무에 관한 전문성으로 주어진 일을 효율성있게 수행하겠습니다.

마지막으로, 상사를 보좌하는 비서로서 자기계발을 통해 끊임없이 성장하겠습니다.

현실에 안주하지 않고 끊임없이 성장을 추구하는 저는 아이에스동서 입사 후, 비서로서 갖추어야 할 전문성을 위해 꾸준히 배우고 발전하겠습니다. 가장 기본적인 태도에 집중해 믿음과 신뢰로 소통할 수 있는 비서가 되겠습니다. 감사합니다.

",1
67,"가족들과 공동의 취미를 만들어 함께 즐기기
회사 은퇴 후 전 세계 크루즈 여행
언제 어디서나 남 부끄럽지 않은 떳떳한 삶

",1
68,"[자료구조론 B+, 운영체제론 B0, 데이터베이스론 A+, 프로그래밍 언어론 A+]

4학년 1학기를 마치고 스스로를 돌아보는 시간을 가졌습니다. 이대로 남은 학기를 마치고 입사를 하게 된다면 일 하는 자신이 부끄럽게 느껴질 정도로 전공 지식이 부족하다고 판단하였습니다. 더 이상 고민할 것이 없었으며 1년 휴학을 감행했습니다. 휴학동안 목표는 단 하나 전산학 기초 네 과목의 이론을 확실히 정립하는 것이었습니다.

제가 정한 네 과목은 자료구조론, 운영체제론, 데이터베이스론, 프로그래밍 언어론이었습니다.

1년동안 세부적인 계획을 세워 공부하였습니다. 운영체제론과 데이터베이스론에 조금 더 비중을 두어서 공부하였는데 그 이유는 자료구조론과 프로그래밍 언어론에 비해 범위가 넓고 더욱 중요하다 생각했기 때문입니다.

실제로 각 과목을 수강할 때는 학업 외의 다른 일이 더욱 재밌어서 학업을 좀 소홀히 했기에 학점자체는 부족해보일 수도 있습니다만, 현재에는 학부적 수준의 해당 과목 이론 지식에 대하여 자신있습니다.

",1
69,"[웹게시판 구축(MySQL, 자바 서블릿) - 글 리스트와 글작성, 글 삽입, 비밀번호 관리 등의 기능 구현]

지금껏 해왔던 프로젝트 중에 가장 재미있게 진행했던 데이터베이스 강의 시간의 한 학기 프로젝트였습니다. 15주 남짓 되는 시간안에 많은 것을 배우지는 못했지만 학습한 내용을 토대로 웹 게시판을 구축하는 프로젝트였습니다.

MySQL, TOMCAT, 서블릿이 모두를 연동시키는 것이 첫 번째 관문이었습니다. eclipse를 단독으로 다뤄본 적은 있어도 톰캣과 연동시키는 것은 처음이었기에 꽤나 애를 먹었습니다. 그 다음엔 서블릿으로 구현해야하는 부분이 어려움으로 다가왔습니다. JDBC였다면 웹에 있는 코드들을 참고하면서 많은 숙련자들에게 질문하여 얻으면 금방 알 수 있는 것들조차 스스로 함수나 세세한 부분들을 공부해가면서 진행해야 했습니다. 이렇게 어려운 점이 많았음에도 성공적으로 프로젝트를 완수하고 A+를 받을 수 있었던 이유는 제가 즐기면서 했기 때문입니다. MySQL쿼리를 공부할 때도, 서블릿이 무엇인지 하나하나 따져가면서 JDBC와 비교하고 코드한줄 짜는게 어려웠지만 재밌었습니다.

",1
70,"[불안한 전망에도 끊임없이 도전하는 창의적 기업 NHN Ent.]

페이코 티머니, KB국민은행과 CGV와 함께하는 핀테크 사업, 더소울로 차이나조이 참가, 토스트캠으로 대표되는 하드웨어 시장 진출 등 시대의 흐름을 읽어 사업 분야를 넓혀나가는 도전의식이 저에게 입사동기를 불러일으켰습니다.

저 역시 마찬가지로 굉장히 도전을 즐기는 사람입니다. 총학생회에서 임원직을 맡았을 때, 학생 대표자 투표가 종이 시스템으로 진행되던 것을 전자투표로 바꾸기 위해서 선후배로 이뤄진 팀을 짜고 개발을 진행하면서 동시에 다른 대표자들이나 학교를 설득하기 위해 뛰어다녔던 경험이 있습니다.

더하여 모교 축제에서는 처음으로 게임대회가 메인 이벤트가 되도록 학교 축제를 구성하여 성공적으로 이끈적도 있습니다.

NHN Entertainment에 입사 후에는 신개척분야 한 곳을 도맡아 개발하고 발전시킬 수 있는 프로젝터 리더가 되고싶습니다.

제가 지금 느끼는 NHN Ent.는 '굉장히 도전적이고 혁신적인 기업'이라는 이미지를 제가 진행하는 프로젝트를 보고 미래의 대학생들이 느끼게 하고 싶습니다.

",1
71,"[뭉쳐서 목소리를 냈을 때 얻는 권리]

호주에서 워킹홀리데이를 하며 워홀러들의 권리를 찾기 위해 인권보호단체에서 활동하였습니다.

저 또한 처음엔 영어를 못하는 대부분의 한인처럼 한인 밑에서 일하며 최저임금도 안 되는 임금을 받았고, 그마저도 다 받지 못하는 부당함을 겪었습니다. 세금을 내고 하는 합법적인 일이 아니었기에 법적 보호도 받지 못하고 혼자 해결이 힘들었습니다. 저 같은 피해자가 더 생기지 않았으면 좋겠다고 생각하던 중 워홀러들이 ‘한국 워킹홀리데이 인권보호단체’를 만들고 있단 걸 알게 되었고 1기로 활동을 하였습니다. 최초의 '워홀러 인권단체'였기에 널리 알리기 위해 플래시몹 행사를 계획하여 SNS와 한인식당 등에 홍보했습니다. 또한, 20대의 청년들뿐이었으므로 부족한 자금과 파급력을 보충하기 위해 총영사관과 대형 커뮤니티인 호주나라에 행사기획안을 제출해 도움을 받았습니다. 성공적인 홍보로 행사에 많은 인원이 참여했고, 호주동아와 KBS 방송에도 소개되었습니다. 현실에 안주하기보단 목소리를 냈을 때 권리를 얻을 수 있다는 교훈과 임금문제 또한 해결되는 값진 경험을 얻었습니다.

",1
72,"[소통으로 만들어낸 화음]

실력이 부족했던 파트원들과 이끌어 성공적인 연주회를 만들었습니다.

대학교 오케스트라에서 제가 있던 첼로 파트는 실력이 부족한 연주자들이 많았습니다. 수십 명이 한 무대에 서지만 한 명이라도 불협화음을 내면 완벽한 무대가 될 수 없는데, 총연습에서 저희는 유독 문제가 되어 다른 파트의 따가운 눈총을 받았습니다. 같은 악기끼리만 연습할 때엔 어느 부분이 불협화음인지 알기 힘들어 계속해서 잘못된 연습을 했습니다. 결국, 같은 파트원끼리 서로 탓하기 바빴고 다른 파트들과의 감정의 골도 깊어져 갔습니다. 우리끼리만은 해결이 힘들다 생각해 다른악기파트로부터 우리의 문제점에 대한 피드백을 받고 해결법을 강구하였습니다. 또한, 합주시간이 부족하다고 느껴, 청소와 힘든 일을 도맡아 하며 잘하는 친구들에게 추가연습을 부탁하였습니다. 그때야 각자 연습할 때는 모르던 문제점들이 보여 해결할 수 있었고, 마침내 일취월장한 실력으로 연주회를 끝내 가장 많은 박수갈채를 받을 수 있었습니다. 이와 같은 경험을 밑거름으로 연구개발 업무에서 팀원들과 소통과 협력을 통해 큰 시너지효과를 낼 수 있을 것입니다.

",1
73,"[남들과는 다른, 한 번 더 고민하는]

 공학 설계수업에서 남들은 생각지도 못한 원리의 '투석기'를 만들었습니다. 설계와 제작을 직접 해야 했기에 대부분의 학생은 비교적 간단한 용수철이나 고무줄의 탄성력을 이용한 비슷한 원리의 투석기를 '얼마나 완성도 높게 만드는지' 에만 치중하였습니다. 하지만 저는 남들과 같은 원리의 투석기론 경쟁력이 없다 생각해, 우리만의 특별한 투석기를 만들자고 제안했습니다. 이용할 수 있는 동력원이 무엇이 있는지 분석하고, 그중 가장 정확성 높게, 그리고 쉽게 에너지를 조절할 방법을 고려하였습니다. 그 결과 높이에 따라 항상 일정한 에너지를 가지는 위치에너지를 선택하였습니다. 긴 원기둥축 끝의 타점이 원운동 하며 공에 부딪히는 원리로, 축의 끝에는 항상 같은 충격력이 발생하도록 고른 면을 붙여 투석기를 만들었습니다. 축이 원운동을 시작하는 높이 조절에 따라 공이 날아가는 거리도 조절이 쉬웠기에 정확성, 창의성, 완성도 모두 만점을 맞으며 투석기설계 대회에서 1등을 수상하였습니다. 급변하는 기술들 사이에서 획일화되지 않은 창의력과 한 발 더 생각하는 열정으로 현대위아를 발전시키겠습니다.


",1
74,"[친환경 문제? DCT개발로 해결]

 2013년부터 서울 모터쇼를 관람해오며 느낀 바로 최근 자동차 브랜드들의 관심이 가장 두드러졌던 분야는 친환경 차였으며, 올해의 키워드 역시 '친환경, 고성능, 고연비'였습니다. 이처럼 현시대의 난제인 환경보존을 위해 '친환경 엔지니어'가 되고 싶다고 꿈꾸던 저는 인류의 행복을 우선시하고 파워트레인 개발로 세계적으로 입지를 다지고 있는 현대위아에서 DCT개발을 하고 싶습니다. 

 자동차공학을 전공하며 병들어가는 지구를 위한, 사라져갈 석유연료기관을 대체할 친환경기술에 대해 깊은 관심을 가지고 있었고, 변속기의 고효율화는 그 해결책중 하나라고 생각 합니다. '파워트레인 설계'의 수업을 들으며 DCT가 높은 효율과 빠른 변속이라는 장점이 있지만 복잡한 구조와 큰 부피, 그리고 높은 단가 등 아직 풀어가야 할 숙제가 많다고 생각합니다. 저는 특화된 전공을 공부하며 엔진 설계 실습과 윤활 마찰실험을 하며 이론을 실제엔진에 적용시켜봤고, matlab과 같은 해석프로그램을 이용하여 얻은 수치를 분석할 수 있습니다. 이러한 관심과 자동차분야에 대한 역량은 연구개발 업무에 적합하다 자신합니다.

",1
75,"[현대자동차의 MOVE에 발 맞추고 싶습니다.] 

현대 자동차 홍보 업무를 통해 기업은 물론 사회의 발전에 기여하고 싶습니다. 
현대자동차는 4대 MOVE와 4대 중점사업을 제시하며, 어떤 기업보다 CSR활동을 활발히 하고 있습니다. 하지만, 그 사실이 알려져 있지 않아 안타까웠습니다. 사회환원의 의무를 다 하고 있는 현대자동차의 브랜드 가치를 알리는 것은 기업 뿐만 아니라, 사회에도 공헌하는 것이라 믿습니다. 

홍보 직무를 수행하기 위해서는 분석력, 관찰력, 침착성이 필요하다고 생각합니다. 대학생 시절 다양한 경험을 통해 이 세 가지 역량을 기를 수 있었습니다. 


",1
76,"[세계4위 해적의 나라,USP를 분석하다.] 

홍보 직무를 성공적으로 수행하기 위해서는 분석력이 필요합니다. 
홍보는 결국 기업의 ‘차별화’된 이미지를 전달하는 것이기 때문에 자사와 경쟁사의 USP가 무엇인지 알아내야 합니다. 

2014년 여름방학, 오션월드 홍보 활동을 하면서 USP를 찾는 연습을 하며 분석력을 기를 수 있었습니다. 

저희는 경쟁사 케리비안베이와 차별화되는 오션월드만의 USP를 찾기 위해, 실제 고객들은 모르고 있는 오션월드 만의 매력을 분석했습니다. 그것은 오션월드가 ‘세계 4위 워터파크’라는 점, 그리고 케리비안베이의 해적과는 차별화되는 ‘이집트 컨셉’을 보유하고 있다는 사실이었습니다. 저희 팀은 ‘세계 4위 워터파크’, ‘이집트 컨셉’이라는 USP를 홈페이지를 통해 알리는 방안을 기획했습니다. ‘숫자로 보는 오션월드’페이지에 ‘세계4위’ 정보를 추가했고, 이벤트 페이지를 SNS와 연계하여 이집트 컨셉을 알릴 수 있는 이벤트를 제시했습니다. 또한, 놀이기구 소개 페이지를보고 ‘이집트’ 연상이 가능하게끔 디자인 수정본을 제안했습니다. 그 결과, 저희 조는 1위로 선정되었고, 아이디어의 일부는 실제로 반영되기로 결정되었습니다. 

현대자동차 선배님들의 가르침을 바탕으로, 
경쟁사는 물론 현대자동차만의 경쟁력을 분석하여 차별화된 매력을 알리겠습니다. 


[끊임없는 관찰, 자식이기는 부모 없더라.] 

홍보 업무를 하기 위해서는 관찰력이 필요합니다. 
시시각각 변하는 언론의 흐름을 주시해야 할 뿐만 아니라, 더 나은 홍보법을 제시하기 위해서 개선점이 없는지 늘 살펴야 하기 때문입니다. 

대학 생활 5년간 수 많은 아르바이트를 하며 ‘탐정의 자세’를 키웠습니다. 

2011년 6월부터 8월까지 캐주얼레스토랑에서 서빙 아르바이트를 하며 새로운 홍보방식을 도입해 매출을 올린 적이 있습니다. 제가 사용할 수 있는 것은 인형탈과 전단지 밖에 없었지만, 정확한 상황 분석을 통해, 최소의 자원으로 최대의 효과를 낼 수 있었습니다. 

먼저, 현 상황을 분석하기 위해 주로 오는 손님의 연령대, 피크타임을 유심히 관찰하기 시작했습니다. 
그 결과, 손님의 대부분이 어린이를 동반한 가족이며, 피크타임(12:00-15:00)에 주로 온다는 것을 알게 되었습니다. 이를 바탕으로 기존의 홍보 형태를 새롭게 바꿔보기로 결정했습니다. 

이전에는 정해진 시간 없이 전단지를 배포하는 형식이라, 사람들의 눈길을 끌지 못했습니다. 게다가, 전단지를 받고도 바로 버리는 경우가 많아 홍보가 매출액 증가로 이어지기 어려웠습니다. 손님의 대부분이 어린 아이를 데리고 있는 부모님이었기에,재미있는 홍보를 통해 아이들의 흥미를 끌어야 한다고 생각했습니다.보통,부모님은 아이의 의견에 따라 외식 메뉴를 결정하기 때문입니다. 

어린이들의 시선을 끌기 위해 피크타임 한 시간 전부터 점심시간이 끝날 때까지 인형옷을 입고 전단지를 배포하기 시작했습니다. 동료와 함께 곰인형 옷을 입고 전단지를 나눠주며 귀여운 춤을 추자 아이들 손에 이끌려 온 손님 수가 증가했습니다. 주말마다 적극적인 홍보를 한 결과 전 월 대비 매출이 150% 증가했습니다. 

‘개선’은 언제나 관찰하고 분석하는 탐정의 자세로부터 나온다는 것을 배웠습니다. 
더 나은 현대자동차 홍보를 하기 위해 언제나 관찰하는 자세로 일 하겠습니다. 


",1
77,"[‘무한도전’, 침착성을 무기로 달성하다.] 

홍보인에게 위기시 침착할 수 있는 능력은 필수적입니다. 
홍보인은 좋지 않은 기사에도 당황 하지 않고 침착히 대처 할 줄 알아야 하기 때문입니다. 

2013년 가을, 워싱턴에서의 인턴 첫 과제는 ‘무한도전’이었습니다. 
첫 과제는 타 기관의 수 자원 안보 프로젝트와 전문가 연락처를 정리해오는 것이었습니다. 2주 동안 최선을 다해 보고서를 완성하는 것을 목표로 삼았습니다. 첫 과제를 통해 인정을 받아야, 보스로부터 새로운 과제-배움의 기회를 얻을 수 있었기 때문입니다. 

이 위기에는 세 가지 어려움이 있었습니다. 첫 째, ‘수 자원 안보’에 대해 무지했습니다. 둘 째, 주요 전문가 연락처는 인터넷에서 찾을 수 없었습니다. 셋 째, 영어가 부족했습니다. 

과제가 어려웠던 만큼, 인정받고 싶은 욕구도 컸기에, 세 가지 어려움을 차근차근 해결하기 시작했습니다. 과제에 대한 배경지식을 쌓기 위해 인터넷, 서적뿐만 아니라 관련 컨퍼런스까지조사하기 시작했습니다. 다행히 워싱턴 주요 기관에서 진행하는 수 자원 안보 컨퍼런스가 열린다는 정보를 얻을 수 있었습니다. 심지어, 주요 전문가들이 참석하는 자리였기에 연락처를 얻을 수 있는 절호의 기회였습니다. 영어가 부족했던 저는, 컨퍼런스 때 필기를 하면서도 나중에 또 들을 수 있도록 녹음을 했습니다. 그 결과, 완성도 높은 보고서를 작성했고 꼭 필요한 명함을 얻을 수 있었습니다. 첫 보고서는 사내 메일을 통해 조직 전체로 전달되었고, 저는 조직의 일원으로서 인정받을 수 있었습니다. 

세 가지 어려움에도 당황하지 않고 하나씩 문제를 해결해 나갔던 ‘침착성’이 과제를 성공적으로 수행할 수 있었던 이유라고 생각합니다. 

위기 상황에서도 냉정을 잃지 않는 자세로 현대자동차의 이미지를 책임지겠습니다.

",1
78,"[자체 발광을 위한 노력]

3학년 때, 유기반응메카니즘 과목을 수강하면서 올레드의 발광원리에 대해 배운 적이 있습니다. LCD와 달리 자체 발광하는 유기 분자를 이용하기 때문에 더 얇고 선명한 디스플레이를 실현할 수 있다는 것에 흥미를 느끼게 되었습니다.
올레드 물질에 대한 이해도를 높이기 위해 유기화학특론, 유기전자재료화학 등의 과목을 수강하였고, 세 과목 모두 A이상의 높은 학점을 받습니다. 학습한 내용을 토대로 더 좋은 물질들을 개발하여 많은 사람들에게 좀 더 선명한 색깔의 디스플레이를 제공해 주고 싶다는 꿈이 생겼습니다.
석사 2기 때, 2014 IMID 기기 전시회에서 LG 디스플레이에 대해 알게 되었습니다. 그때 LG OLED TV의 대면적과 선명한 색깔에 매료되었고 LG디스플레이 입사를 목표하고, 입사를 위해 대학원에 진학하여 올레드용 물질 합성, 논문 공부 등을 통해 실력을 키웠습니다.
저는 석사과정에서 발광층용 재료 합성을 전공했기 때문에 각종 화학 반응에 대한 지식을 가지고 있습니다. 또, 이렇게 합성한 물질을 토대로 국내특허 프로세스 처리 및 SCI급 논문 투고도 해 본 경험도 있어 LG디스플레이만의 원천기술확보에 큰 역할을 할 수 있을 것이라 생각합니다.

[저비용 고효율, 화이트 올레드]

저는 LG디스플레이 R&D 패널 설계직무에 입사해 저렴한 비용의 화이트 올레드 소자를 만들고 싶습니다. 고성능 풀컬러 디스플레이의 구현을 위해서는 효율적인 화이트 올레드 소자의 제작이 필수적입니다. 그러나 독일, 일본과 같은 외국 특허들로 인해 재료비용 역시 높아졌습니다. 가격 경쟁력을 확보하기 위해 저렴한 화이트 올레드 소자에 대한 연구 및 개발이 필요하다고 생각합니다.
저는 입사 후에 선배들과 끊임없는 의사소통을 통해 업무 능력을 열심히 배워나가겠습니다. 업무 능력 및 석사 시절 연구 경험, 저의 역량 등을 바탕으로 상대적으로 저렴한 국내 재료를 활용한 연구를 통해 단가절감 및 효율향상 등, LG디스플레이의 기술력 확보에 노력을 기울이겠습니다.

",1
79,"대학원에서 고급분석화학이라는 과목을 수강할 때 조별 프로젝트를 수행한 경험이 있습니다.
조별로 분석 방법이나 기기 중에서 한가지 주제를 정하고 발표하는 것이었습니다.
당시 저희 조원들은 분석 기기를 다뤄본 경험이 없었고 분석화학적 지식이 상대적으로 부족한 터라 걱정이 컸지만 기초부터 다지면서 꾸준히 준비하면 못 할 것이 없다는 생각으로 프로젝트에 임했습니다.
매주 조별모임을 가져서 주제를 정하고, 각자 할당된 파트의 예시 및 이론에 대해 조사해 학습했습니다. 이 때, 분량이 많았던 조원의 불만으로 인해 의견다툼이 있었지만, 서로 찾아온 예시를 공유하고 토론하여 갈등을 극복했습니다.
그 결과, 조원 모두 A학점 이상의 좋은 성적을 받을 수 있었습니다.
이 프로젝트를 통해 어렵게 생각했던 일도 목표를 세우고 도전정신을 가지면 해낼 수 있다는 것을 몸으로 느낄 수 있었습니다. 입사 후에도 이러한 경험을 살려 목표한 일에 대한 도전정신, 책임감을 가지고 임하겠습니다.



",1
80,"[경청하는 소년]

""입은 하나이지만 귀가 두 개인 이유는 듣는 것이 더 중요하기 때문이다.""란 말이 있습니다. 자기PR의 요즘 시대에서 자신을 드러내는 것도 중요하지만 먼저 Good Listener가 되는 것이 더 중요합니다. 저는 어렸을 때부터 주로 친구들의 의견을 듣는 역할이었습니다. 그러면서 친구들의 의견을 존중해주는 능력을 길렀고 그런 장점으로 인해 리더 역할을 맡기도 했습니다. 그 때마다 소통의 리더가 되려는 노력을 했고, 소통은 말할 때보다 들을 때 더 잘 이뤄진다는 것을 배웠습니다. 저의 이러한 장점은 군복무시절 본부중대 인사병으로 근무하면서도 빛을 발했습니다 . 약 300여명의 대대원들의 인적자원을 관리하면서 대대원들의 개인 사정을 경청하고 그에 맞춰 근무 및 휴가를 배치하는 업무를 통해 커뮤니케이션 능력과 인적자원 능력을 키웠습니다. 이 경험을 바탕으로 생산직 동료들과 커뮤니케이션을 통해 적재적소에 인원을 배치하고 업무 효율을 극대화 시킬수 있을거라 자부합니다.

",1
81,"LG하우시스는 삶의 영위에 반드시 필요한 건자재 및 고기능 소재를 생산하고 세계 시장을 주도하고 있습니다. 하지만 현실에 안주하지 않고 꾸준히 신사업에 도전하는 LG하우시스의 첫인상에 한눈에 반했습니다.

[수업에서 꿈으로]

학과에서 전공수업인 고분자 화학수업을 통해 GRP(Glass fiber Reinforced Plastic)에 대해 접할 기회가 있었습니다. Polymer의 낮은밀도를 유지하면서 Metal의 강도를 가진 재료라는 점이 아주 흥미로웠습니다. 소재에 흥미를 느낀 저는 재료과학 과목을 곧바로 이수하였고 CFRP등 여러가지 복합재료가 있고 그 소재의 활용방안이 무궁무진하다는 것을 깨달았습니다. 특히 CFRP의 경우 열 가공전에는 종이 같던 소재가 열 가공 후에는 철판보다 높은 비강도를 가지게 되는것이 아주 흥미로웠습니다. 이후 복합소재에 많은 관심을 두게 되었고 LG하우시스가 다양한 고분자 복합재료를 이용한 제품을 만드는 회사라는 것을 알게되어 지원하게 되었습니다.

[성공은 실패를 거듭한 결과이다.]

저는 생산관리 분야에 지원했습니다. 생산관리에서 무엇보다 중요한 것은 인적자원 관리능력과 목표지향적 마인드로 생산공정의 효율성을 이끌어 회사 이익률 제고에 직접 기여하는 것으로 생각합니다. 특히 이를 위해선 목표를 계획하고 추진하는 추진력이 필수적입니다. 대학시절 PP재질의 Fan에 PTFE를 코팅하는 주제로 설계프로젝트를 진행한 적이 있습니다. 여러 코팅회사를 돌아다녔지만 PP의 녹는점이 매우 낮아 코팅이 불가능하다는 결론이 나왔습니다. 저는 이를 해결하기위해 도장에 대해 공부를 하기 시작했고 분말정전도장을 통해 이 문제를 해결할 수 있었습니다. 또한 적절한 업무 배분을 통해 팀프로젝트를 성공적으로 마칠 수 있었습니다. 결과적으로 프로젝트에서 2등이라는 높은 점수를 얻을 수 있었고 불가능하다던 교수님의 칭찬도 함께 받을 수 있었습니다. 이렇게 형성된 저의 목표지향적 마인드는 LG하우시스에 입사 후 수율달성에 큰 도움이 될 것이라 확신합니다.

",1
