text,label
"그 결과 현장 동선을 고려한 재고 위치 재배치와 간소화된 입력 프로세스를 도입할 수 있었고, 재고 오차율을 줄이는 동시에 작업 시간을 단축하는 성과를 냈습니다.",1
"[남들과는 다른, 한 번 더 고민하는]

 공학 설계수업에서 남들은 생각지도 못한 원리의 '투석기'를 만들었습니다.",0
철저한 기획 하에 의도된 연출로 영상을 찍고 편집하는 것이 일반적인 순서였습니다.,0
"Arduino키트와 초음파 센서, 정전용량형 근접센서의 회로를 구성하고 프로그래밍 하는 과정은 문외한인 저희에게 너무 어려운 작업이었습니다.",0
"그 결과 팀원 간 신뢰가 회복되었고, 효율적으로 업무를 추진할 수 있었습니다.",1
"단순히 작품을 소비하는 데서 그치지 않고, 스토리 구조와 캐릭터 설정, 독자 반응까지 함께 분석하며 즐기는 편입니다.",1
"특히 익숙하지 않은 분야에 도전할 때마다 부족함을 느꼈지만, 이를 배움의 기회로 삼아 꾸준히 보완하며 성과로 연결시켜 왔습니다.",1
당시 저희 조원들은 분석 기기를 다뤄본 경험이 없었고 분석화학적 지식이 상대적으로 부족한 터라 걱정이 컸지만 기초부터 다지면서 꾸준히 준비하면 못 할 것이 없다는 생각으로 프로젝트에 임했습니다.,0
새로운 활력을 불어넣고 싶었던 저의 열정으로 중국어 학원 2곳에서 주 1회 총 28개의 주문량을 확보했습니다.,0
이런 다양한 삶을 맞닥뜨려온 경험과 계열을 넘나드는 특징이 앞으로의 시대에 필요한 통합적 인재상에 걸맞은 장점이라고 생각합니다.,0
"[소통의 중요성을 알게 된 해외마케팅활동]
 
대학 시절 GTEP(해외마케팅활동)에 참가하게 되었습니다.",0
"저는 훌륭한 연사분들의 강연을 듣는 것도 좋지만, 같은 곳에서 일하며 비슷한 경험을 하는 직원들의 이야기를 듣는 것도 큰 교육 효과가 있다고 생각합니다.",0
"아이디어의 참신함보다 중요한 것은 사용자의 실제 필요와 실행 구조라는 사실을 깨달았고, 이후 어떤 일을 하든 시작 전에 문제 정의와 검증을 우선하는 습관을 갖게 되었습니다.",1
"단기적으로는 매장 운영 전반을 빠르게 습득하며 기본에 충실한 구성원이 되고, 장기적으로는 데이터와 현장 경험을 바탕으로 매출과 팀 성과를 함께 끌어올리는 리더로 성장하고 싶습니다.",1
모르는 것이 있으면 선배님에게 질문하고 공부하며 업무에 관한 전문성으로 주어진 일을 효율성있게 수행하겠습니다.,0
"대학 재학 중 기존 전공이 적성에 맞지 않는다는 고민을 오래 했지만, 이미 투자한 시간과 주변의 시선을 이유로 쉽게 방향을 바꾸지 못했습니다.",1
"[제발 집 좀 가라]
인턴을 하며 직원분에게 들은 소리입니다.",0
포기하고 싶을 때도 많았지만 하루라도 걸러서는 안 된다는 저와의 약속을 지켜야겠다고 생각했고 그 결과 원하는 바를 이룰 수 있었습니다.,0
"이러한 노력의 결과, 교내 데이터 분석 공모전에 참가하여 실생활 문제를 주제로 한 분석 보고서를 제출할 수 있었고, 장려상을 수상하는 성과를 거둘 수 있었습니다.",1
"또한 신작 추천 알고리즘, 이벤트 운영 방식, 댓글 문화 등 서비스 전반에도 관심을 갖고 개선 아이디어를 개인적으로 정리해 보는 습관을 들이고 있습니다.",1
"[영업력을 발휘하다]

저는 아프리카 어린이를 위한 자원봉사에 참여한 경험이 있습니다.",0
앞으로도 이러한 책임감과 열정을 바탕으로 조직에 긍정적인 영향을 주는 인재로 성장하고자 합니다.,1
이 아이디어는 CJ가 보유한 강력한 상품 경쟁력과 물류·IT 인프라를 동시에 활용할 수 있다는 점에서 의미가 있습니다.,1
"고교 입시박람회에 참여한 날, 예상했던 바와 같이 상위권 학교에만 입학상담을 위해 몰렸습니다.",0
이 경험은 이후 어떤 도전 앞에서도 쉽게 물러서지 않는 제 삶의 기준이 되었습니다.,1
영화 속 주인공은 나이와 경력에 상관없이 열린 자세로 주변 사람들의 의견을 경청하며 조직에 자연스럽게 녹아듭니다.,1
단순한 유행이 아니라 기능과 품질을 기준으로 일상의 기준을 만들어 간다는 점에서 브랜드에 신뢰를 갖게 되었습니다.,1
"이 경험을 통해 저는 문제를 단순히 피하거나 우회하기보다, 원인을 끝까지 파악하고 해결책을 찾아내는 집요함과 책임감의 중요성을 깨달았습니다.",1
"그 결과 팀원 간 신뢰가 회복되었고, 업무 효율성이 크게 향상되었습니다.",1
"특히 새로운 분야에 도전할 때마다 시행착오를 겪었지만, 포기하지 않고 끝까지 학습하며 성과로 연결시킨 경험은 저의 가장 큰 자산이 되었습니다.",1
제가 이 분야에 지원한 동기는 기술과 서비스가 결합될 때 사람들의 일상 선택이 더 나아질 수 있다고 믿기 때문입니다.,1
"기존 안을 고수하기보다 작업자와 다시 논의하며 조건을 재정리했고, 이를 반영해 개선안을 수정했습니다.",1
주방장님은 손님이 많이 남기는 비싼 열대과일 '용과'를 줄이자고 하셨고 매니저님은 소수의 손님을 위해서라도 기존메뉴를 지켜가자고 하셨습니다.,0
"판촉, 운영지원, CRM, 심지어 생산계획과 물류운영까지 이루어지는 멀티공간에서 저는 그동안 쌓아온 영업 열정과 현장경험을 발휘하고 싶습니다.",0
"음식이나 시간에 대해 문제사항이 생기게 되면, 고객이 우선이란 생각으로 문제를 해결하기 위해 진심을 다했습니다.",0
처음에는 ‘하면 되겠지‘라는 막연한 생각을 갖고 접근했는데 그 과정은 만만치 않았습니다.,0
매달 진행상황을 물으며 녹음했고 12월에 찾아갔습니다.,0
"[뭉쳐서 목소리를 냈을 때 얻는 권리]

호주에서 워킹홀리데이를 하며 워홀러들의 권리를 찾기 위해 인권보호단체에서 활동하였습니다.",0
제 2 외국어 공부 등 끊임없는 자기계발로 성장하여 전문비서로서 경쟁력을 갖추고 업무에 임하겠습니다.,0
"단순한 자료 전달이 아닌, 이해를 돕기 위한 그림 자료와 임상 사례를 함께 정리하여 학우들이 보다 쉽게 학습할 수 있도록 구성하였습니다.",1
작은 부분까지 신경 쓰다 보니 의사결정이 늦어지는 경우도 있었습니다.,1
저의 진심은 통했습니다.,0
이러한 이야기는 고등학교을 입학하고 많이 들었습니다.,0
"([유니스트][1])

제가 지원한 직무는 **(지원 직무명)**로, 이 분야는 단순한 업무 수행을 넘어 제품과 서비스가 고객에게 전달되는 전 과정에 직간접적으로 영향을 미친다는 점에서 의미가 크다고 생각합니다.",1
"CJ제일제당, CJ올리브영, CJ푸드빌 등 다양한 브랜드의 구매 이력을 AI가 분석해, 개인의 건강 목표(예: 체중, 영양 섭취, 식습관 개선)에 맞춘 **맞춤 식단과 추천 상품·프로모션을 자동으로 제안**하는 서비스입니다.",1
"그 결과 프로젝트는 기한 내 마무리될 수 있었고, 외부 평가에서도 문제 해결 과정과 팀 대응력이 긍정적으로 평가되었습니다.",1
"이후 팀원과 따로 대화를 요청하여 상대방의 의견을 충분히 경청하고, 제가 우려하는 부분 역시 차분하게 전달하였습니다.",1
"단순히 이론을 적용하기보다, 실제 현장에서 발생하는 대기 시간과 불필요한 이동을 데이터로 기록해 병목 구간을 찾는 데 집중했습니다.",1
"장기적으로는 조직의 방향성과 사용자의 니즈를 함께 고려해, 지속적으로 신뢰받는 서비스를 만드는 구성원으로 성장하는 것이 저의 목표입니다.",1
주말마다 적극적인 홍보를 한 결과 전 월 대비 매출이 150% 증가했습니다.,0
하지만 정상을 향해 올라가는 길이 생각보다 험난하였습니다.,0
저는 문제를 그냥 지나치지 않고 끝까지 정리하려는 사람입니다.,1
사내교육을 통해 사람과 원활하게 소통하는 방법에 대해 좀 더 배우도록 노력하겠습니다.,0
"현실에 안주하지 않고 끊임없이 성장을 추구하는 저는 아이에스동서 입사 후, 비서로서 갖추어야 할 전문성을 위해 꾸준히 배우고 발전하겠습니다.",0
이 경험을 통해 저는 팀워크의 핵심은 의견 차이를 조율하는 소통 능력과 공통된 목표를 향한 책임감이라는 것을 깨달았습니다.,1
저의 Section 2는 아직 시작하지 않았습니다.,0
"공모전을 진행하며 '우린 기계공학전공이니 전자·전기공학은 몰라도 되겠지'라는 생각이 얼마나 어리석은 생각인지 알게 되었고, 더불어 어려운 과정이지만 팀원과 함께 파트를 효율적으로 나누어 끊임없이 열정적으로 파고든다면 그 어떤 문제도 해결할 수 있다는 자신감도 얻게 된 경험이었습니다.",0
대학에 진학한 이후에도 이러한 태도는 이어졌습니다.,1
"먼저 혼자 시간을 갖고 서로의 입장을 객관적으로 정리하며, 감정이 아닌 사실과 목표 중심으로 생각하려 노력하였습니다.",1
"문제를 해결하기 위해 먼저 오류 로그를 하나하나 분석하며 원인을 정리하였고, 변수 구조와 데이터 전처리 방식에 대한 관련 자료와 논문을 찾아보며 해결 방안을 모색하였습니다.",1
"그 결과 프로그램 중단 현상이 완전히 해결되었고, 실제 현장에서도 안정적으로 운영될 수 있었습니다.",1
이 과정에서 기술적 가능성과 사용자 이해를 동시에 고려하는 사고방식을 기를 수 있었습니다.,1
영업에 관심을 갖고 꾸준히 쌓아 온 현장경험과 협업능력을 발휘해 국내영업본부에서 원하는 신입사원이 되고 싶습니다.,0
동료와 함께 곰인형 옷을 입고 전단지를 나눠주며 귀여운 춤을 추자 아이들 손에 이끌려 온 손님 수가 증가했습니다.,0
이 경험을 통해서 나도 뭔가 할 수 있구나 라는 자신감을 갖게 되었습니다.,0
인생에서 가장 노력해 본 경험은 첫 취업 준비에서의 실패를 딛고 방향을 다시 세운 과정이었습니다.,1
제 2 외국어 공부 등 끊임없는 자기계발로 성장하여 전문비서로서 경쟁력을 갖추고 업무에 임하겠습니다.,0
"그 결과, 손님의 대부분이 어린이를 동반한 가족이며, 피크타임(12:00-15:00)에 주로 온다는 것을 알게 되었습니다.",0
"전략적 소통

소통은 끊임없이 벌어집니다.",0
"대화를 통해 서로가 프로젝트의 완성도를 높이고자 하는 같은 목표를 가지고 있다는 점을 확인할 수 있었고, 각자의 의견을 일부씩 반영한 절충안을 도출할 수 있었습니다.",1
이베이코리아 플랫폼이 고객에게 더욱 편리하고 신뢰할 수 있는 쇼핑 경험을 제공하기 위해 ‘개인 맞춤형 구매 코디네이터 서비스’를 도입할 것을 제안합니다.,1
제가 일을 시작한지 얼마 안 되었을 때벌어진 일 입니다.,0
저는 이를 해결하기위해 도장에 대해 공부를 하기 시작했고 분말정전도장을 통해 이 문제를 해결할 수 있었습니다.,0
"대학 시절 해외 교환학생과 배낭여행을 통해 항공 서비스를 직접 경험하며, 이동 수단을 넘어 사람과 문화를 연결하는 항공 산업의 역할에 깊은 인상을 받았습니다.",1
"마지막으로, 상사를 보좌하는 비서로서 자기계발을 통해 끊임없이 성장하겠습니다.",0
"이러한 문제를 해결하기 위해 저는 각자의 의견을 정리하여 공통된 목표를 중심으로 논의를 재구성하고, 아이디어를 객관적으로 비교할 수 있도록 평가 기준표를 제안하였습니다.",1
그렇기에 야근과 조기출근도 체력면에서 무리가 없을 것이라 자부합니다.,0
"삼성전자가 지향하는 제품 경쟁력은 하드웨어 성능뿐 아니라, 사용자가 느끼는 전체 경험에서 나온다고 믿습니다.",1
"[소통으로 만들어낸 화음]

실력이 부족했던 파트원들과 이끌어 성공적인 연주회를 만들었습니다.",0
지원분야와 관련된 역량을 기르기 위해 저는 콘텐츠 기획과 데이터 정리에 집중해 왔습니다.,1
또한 발품을 팔아 더 저렴한 행사 장소를 섭외함으로써 비용을 줄일 수 있었습니다.,0
다양한 전공과 지역의 인턴들이 처음 모인 것부터 시작했습니다.,0
이 점에서 저는 강점이 있습니다.,0
제가 지원한 직무는 이러한 고객 중심 전략이 실제로 실행되는 과정에 기여하는 역할이라고 이해하고 있습니다.,1
이 경험을 통해 책임자는 신뢰와 자율성뿐만 아니라 체계적인 관리와 소통이 필수적이라는 점을 깨달았습니다.,1
"로그인하고 상품들을 구경할 경우, 해당 회원의 관심사에 대한 정보 파악이 가능할 것입니다.",0
누군가가 시켜서 하는 것이 아니라 스스로 하고 싶어서 계획하고 실행한 경험은 처음이었습니다.,0
"이로 인해 개인은 자신의 역량이 언제 대체될지 모른다는 불안을 느끼고, 기업과 사회는 책임과 윤리의 경계를 명확히 설정해야 하는 과제에 직면해 있습니다.",1
"현대자동차에서도 새로운 변화에 주저하지 않고 도전하며, 다양한 구성원과의 협업을 통해 더 나은 결과를 만들어 가는 인재로 기여하고 싶습니다.",1
“사람이 재산이다.” 라는 마인드를 가진 저는 주변 사람과 소통하는 것이 좋습니다.,0
[친환경 문제?,0
주제를 선정 할 때 저와 팀원들이 많은 관심을 두고 있는 두산 인프라코어의 사업 분야인 건설기계로 주제를 선정했습니다.,0
"그래서 아침에 샤워하는 시간, 지하철 이동시간 심지어 걸어 다닐 때도 혼자서 영어로 말하기 연습을 했습니다.",0
"이처럼, 우리 사회에서 기업은 더 이상 이윤만을 추구하는 조직이 될 수 없습니다.",0
활동 초기에는 멘토 간 수업 방식과 운영 방식이 통일되지 않아 프로그램의 연속성이 부족하다는 문제가 있었습니다.,1
"모시는 분의 니즈를 파악하기 위해 입장을 바꾸어 생각하고 소통하며, 필요한 서비스와 지원을 해야 합니다.",0
이제 통신사의 입장에서 홈서비스를 바라보겠습니다.,0
"입사 초기에는 공정과 시스템을 깊이 이해하며 기본기를 다지고, 이후에는 데이터와 경험을 바탕으로 안전·품질·효율을 동시에 개선하는 역할을 수행하고 싶습니다.",1
이 경험을 바탕으로 생산직 동료들과 커뮤니케이션을 통해 적재적소에 인원을 배치하고 업무 효율을 극대화 시킬수 있을거라 자부합니다.,0
"[진실한 마음]

저는 3년간 레스토랑 아르바이트를 한 경험이 있습니다.",0
"전공 수업 외에도 관심 분야에 대한 온라인 강의를 자발적으로 수강하고, 관련 프로젝트와 공모전에 도전하며 실무 역량을 키워왔습니다.",1
이 경험은 성공보다 실패가 더 큰 성장을 준다는 사실을 깨닫게 해주었습니다.,1
또한 소통과 협업을 통해 다양한 의견을 조율하고 성과로 연결한 경험은 팀 중심의 현대자동차 조직 문화에서도 큰 장점이 될 수 있다고 판단합니다.,1
"과제가 어려웠던 만큼, 인정받고 싶은 욕구도 컸기에, 세 가지 어려움을 차근차근 해결하기 시작했습니다.",0
"아이에스동서 입사 후 긍정적으로 사고하고, 맡은 일에 책임을 다하겠습니다.",0
대학교 4학년 때 졸업 논문을 준비하며 데이터 분석 과정에서 반복적으로 오류가 발생했던 경험이 있습니다.,1
"카카오엔터테인먼트가 지향하는 ‘콘텐츠로 만드는 더 나은 세상’에 기여하며, 회사와 함께 성장하는 구성원이 되고자 합니다.",1
"맞벌이 부모님을 대신해 어린 시절부터 스스로 계획을 세우고 생활하는 습관을 들이게 되었고, 이를 통해 자기관리 능력과 독립심을 기를 수 있었습니다.",1
이 실수를 만회하기 위해 즉시 문제 상황을 공유하고 팀원들과 긴급 회의를 진행하였습니다.,1
"대학에 진학한 이후에는 공모전, 대외활동, 팀 프로젝트 등 다양한 활동에 적극적으로 참여하며 실무 역량과 문제 해결 능력을 키워왔습니다.",1
로그 데이터를 정리해보니 특정 시간대에 주문이 몰릴 때 메모리 사용량이 급증한다는 사실을 발견할 수 있었습니다.,1
이러한 저의 문제대응력 덕분에 오전 대비 오후에는 약 300 퍼센트 학생유치를 확보한 성과를 만들어 낼 수 있었습니다.,0
"해당 연구는 학과 우수 논문으로 선정되었으며, 발표 자료로도 활용되었습니다.",1
자기PR의 요즘 시대에서 자신을 드러내는 것도 중요하지만 먼저 Good Listener가 되는 것이 더 중요합니다.,0
"둘째, 아이템 선정의 문제점입니다.",0
이러한 관심은 자연스럽게 콘텐츠 플랫폼 운영과 서비스 기획 분야로 이어졌습니다.,1
이는 비서로서 사무 처리를 할 때 저만의 비밀병기가 될 것이라 생각합니다.,0
이러한 경험을 통해 스스로 목표를 설정하고 실행하는 자기주도적인 태도를 자연스럽게 갖추게 되었습니다.,1
"이로 인해 팀 전체가 촉박한 일정 속에서 완성도를 높여야 하는 상황에 놓이게 되었고, 팀장으로서 책임감을 크게 느끼게 되었습니다.",1
"수십 명이 한 무대에 서지만 한 명이라도 불협화음을 내면 완벽한 무대가 될 수 없는데, 총연습에서 저희는 유독 문제가 되어 다른 파트의 따가운 눈총을 받았습니다.",0
"희망업무및장래포부

한국 프레스 제조사의 중추적인 역할을 하며 제품 수주에서 단연 돋보이고 있는 만큼 신뢰를 쌓고 있는 SIMPAC의 명성에 빛이 바래지 않도록 최고의 품질에 도움을 주는 일을 하고싶습니다
같이 일하는 동료들에게 인정받을 수 있는 인재가 되고 싶습니다
업무량이 많고 배워야할 설비가 산더미처럼 많은 직장에서 차근차근 도면을보고 배우며 설비를 만지고 아끼며 전문가가 아니면 안된다는 생각으로 열심히 하다보니 한조의 조장을 하게되었으며 그덕에 주임을 달 수 있는 기간전에 주임자리를 꿰차고 주임대행업무를 볼 수 있었습니다
꼼꼼하다는 평을 많이 받기에 무조건 쉬운 작업보다는 공유압을 만지거나 용접을 하고 품질에 이상이 없는지 확인하는 작업을 하고 싶습니다",0
크게 세 가지 문제점을 발견하였습니다.,0
이후 복합소재에 많은 관심을 두게 되었고 LG하우시스가 다양한 고분자 복합재료를 이용한 제품을 만드는 회사라는 것을 알게되어 지원하게 되었습니다.,0
"이러한 지식적인 측면을 보충하기 위하여 현재 유통관리사, 물류관리사를",0
"특히 귀사는 안정적인 사업 기반과 지속적인 혁신을 통해 업계에서 신뢰받는 기업으로 자리매김하고 있으며, 체계적인 교육 시스템과 인재 육성 프로그램을 통해 구성원의 성장을 적극적으로 지원하고 있습니다.",1
"이를 개선하기 위해 업무의 우선순위를 명확히 설정하고, 일정 수준 이상의 완성도에 도달하면 실행에 옮기는 연습을 꾸준히 하고 있습니다.",1
저를 움직이게 하는 가장 큰 동력은 “조금 더 나은 방식은 없을까?”라는 질문입니다.,1
"현대자동차 선배님들의 가르침을 바탕으로, 
경쟁사는 물론 현대자동차만의 경쟁력을 분석하여 차별화된 매력을 알리겠습니다.",0
"외국의 훌륭한 HR 사례나, 배울 점들에 관해 찾아보고 연구해보고자 합니다.",0
남의 가치를 존중하고 자신을 먼저 내세우지 않는 태도인 겸손은 비서의 중요한 역량 중 하나라고 생각합니다.,0
"발 빠른 정보 수집과 신선한 추진력으로 고객의 Needs에 적절히 대응하며, 신속 정확한 door to door를 실현하여 고객에게 더 나은 최고의 서비스를 제공하고자 합니다.",0
지난여름에는 인턴쉽을 하며 MSSQL의 저장프로시저를 이용하여 ‘투자정보시스템의 데이터조회’를 위한 쿼리를 작성했습니다.,0
그리고 주변 사람들과 어울려 이야기를 나누며 그들의 생각을 이해하고 서로 다른 의견을 조율하기 위해 노력하였습니다.,0
대학생 시절 다양한 경험을 통해 이 세 가지 역량을 기를 수 있었습니다.,0
이러한 경험들과 꼼꼼하고 체계적인 계획으로 일을 진행하는 평소 성격은 저에게 비서직이 가장 잘 할 수 있고 적성에 맞는다는 확신을 주었습니다.,0
2011년 6월부터 8월까지 캐주얼레스토랑에서 서빙 아르바이트를 하며 새로운 홍보방식을 도입해 매출을 올린 적이 있습니다.,0
"去去去中知 行行行裡覺'

가고 가고 가는 중에 알게 되고, 행하고 행하고 행하면 깨닫게 된다는 뜻으로 노자 도덕경에 나오는 말입니다.",0
"익숙해진 방식에 안주하기보다, 불편한 지점을 발견하면 작게라도 바꿔보려는 태도를 유지해 왔습니다.",1
이는 조선·에너지·산업기계 등 복잡한 시스템 산업에서 축적된 기술과 현장 경험을 기반으로 경쟁력을 만들어 온 HD현대의 방향성과 닮아 있다고 생각했습니다.,1
앞으로도 저는 변화하는 환경 속에서 배움을 멈추지 않는 사람으로 성장하고자 합니다.,1
대학교 재학 중 교내 행사 운영 서포터즈로 활동하며 안전 관리와 일정 운영을 담당한 경험이 있습니다.,1
"관련 자료를 찾아 트랜잭션 처리 방식과 비동기 요청 구조를 공부했고, 이를 적용해 서버 로직을 개선했습니다.",1
"제가 생각하는 팀워크란 각자의 역할과 관점은 다르지만, 공통의 목표를 향해 신뢰를 기반으로 움직이는 상태라고 생각합니다.",1
"입사 후에는 주어진 역할을 정확히 수행하는 데 그치지 않고, 공정과 제품의 완성도를 높이는 데 기여하는 인재로 성장하고 싶습니다.",1
"이러한 최고의 종합건설회사인 아이에스동서기 보다 큰 발전을 이룰 수 있도록 이바지하면서, 아이에스동서의 길에 함께 하고 싶습니다.",0
"그로 인해 저는 그 이후, 그 가게를 찾을 때마다 서비스도 받고 큰 환대를 받기도 했습니다.",0
또한 어떤 일이든 성급하게 판단하기보다 충분히 고민하고 준비한 뒤 행동하는 것을 중요하게 생각합니다.,1
"(600자)

보육교사로서 반의 운영을 맡아 사무업무를 하고 보험회사 팀 비서로 근무한 경험이 있습니다.",0
"([유니스트][1])

저는 대학 시절 **팀 프로젝트와 공모전, 데이터 분석 및 문제 해결 경험**을 통해 체계적인 문제 해결 능력과 협업 능력을 길러왔습니다.",1
시각적 자료를 활용하여 신사업을 소개하겠습니다.,0
"1달의 시간이 흘렀고 저희는 반전을 만들기 위해 生을 위한 전쟁, 영업에 뛰어들었습니다.",0
제가 맡은 고객님들 한분 한분을 섬기는 마음으로 상부상조의 정신을 계승하여 고객의 삶의 질을 향상하는데 그치지 않고 다양한 지역개발 사업을 전개하는데 일조하여 지역공동체 발전을 끌어내야 합니다.,0
"[生을 위한 전쟁, 영업]
 1달의 시간은 아이디어와의 싸움이었습니다.",0
"이 경험을 통해 문제를 분석하고 실행으로 옮기는 기획력과 책임감을 기를 수 있었으며, 구성원들과 협력하여 실질적인 성과를 만들어내는 방법을 배울 수 있었습니다.",1
"취업률을 강조한 멘트로 바꾸어 말하자고 담당하는 분께 먼저 제안 드린 후, 앉아서 때를 기다리는 것이 아니라 적극적으로 다가가 홍보물을 나누어 주었습니다.",0
이러한 환경 속에서 빠르게 배우고 성과로 보답하는 인재로 성장하고자 지원하게 되었습니다.,1
"장기적으로는 축적된 현장 이해를 기반으로, 변화와 도전을 주도하는 인재로 성장하는 것이 저의 목표입니다.",1
최근 딥러닝이 기계학습 분야에서 가장 큰 화두가 되고 있습니다.,0
그러나 저희는 포기하지 않았습니다.,0
"매장 운영, 상품 관리, 고객 응대가 분리된 일이 아니라 하나의 흐름으로 연결되어 있다는 점이 인상 깊었고, 그 중심에서 사람과 현장을 함께 성장시키는 구조에 매력을 느껴 지원하게 되었습니다.",1
삼성카드에서 카드를 통해 고객들의 생활의 편리를 돕겠습니다.,0
Hyundai Way 중 **‘도전(Challenge)’**과 **‘협업(Collaboration)’**은 제 경험과 가장 맞닿아 있는 가치입니다.,1
"어느 고객에게나 똑같은 서비스가 아닌 고객 한분 한분에 특성을 제대로 파악하여 우리 기업에 대한 신뢰감을 주고 그에 대한 맞춤 서비스 자세로 서울보증보험에서 저의 업무 능력을 발휘해 보이겠습니다,",0
"이에 저는 기존 활동 자료를 정리하여 공용 자료집으로 제작하고, 신규 멘토를 위한 교육 자료를 마련하는 역할을 자발적으로 맡았습니다.",1
대학원에서 고급분석화학이라는 과목을 수강할 때 조별 프로젝트를 수행한 경험이 있습니다.,0
"중장기적으로는 다양한 프로젝트와 업무 경험을 통해 문제 해결 능력과 기획력을 강화하여, 보다 큰 책임을 맡을 수 있는 인재로 성장하고 싶습니다.",1
항상 저 글귀를 마음속에 품고 인생을 살아가고자 합니다.,0
"당시 팀원들의 자율성을 존중한다는 이유로 세부 일정과 중간 점검을 철저히 하지 못했고, 그로 인해 일부 자료 준비가 지연되면서 최종 발표 준비에 큰 어려움을 겪었습니다.",1
또한 행사 전날 직접 현장을 점검하며 예상 문제를 정리해 공유하였습니다.,1
"이러한 경험을 바탕으로 저는 지원분야에서 이용자의 관점으로 정보를 정리하고, 더 많은 대학생들이 기회를 놓치지 않도록 돕는 역할을 수행하고 싶습니다.",1
팔지 못하면 월급을 받지 못하는 회사의 자금 위기상황에서 生을 위해 영업을 했던 절실함도 느껴보았습니다.,0
"(600자 이내)

학창시절 ′ 교환학생 프로젝트′를 성공적으로 수행하였습니다.",0
저는 다양한 사람들과 함께 일하는 것을 즐기며， 제가 속한 조직이 최고의 능력을 발휘할 수 있도록 도와주는 것을 좋아합니다.,0
"저는 등산을 준비하는 과정에서 애초에 계획하였던 코스보다 어려운 코스에 도전하자고 친구들을 설득하였고, 중상급 코스로 등산 계획을 수정하였습니다.",0
이번 경험을 통해 실수를 하더라도 그 자리에서 인정하고 최대한 바로 잡으려고 노력하는 자세가 중요하다는 것을 깨닫게 되었습니다.,0
그러나 오히려 저는 부모님에게 감사하였습니다.,0
"(800자 이내)

어느 상황에서든 주어진 일에 책임감을 가지고 성공적 결과를 위해 노력합니다.",0
"“The Global Logistics""라는 비전으로 2020년 글로벌 TOP5 물류기업으로 성장하고 있습니다.",0
"매주 조별모임을 가져서 주제를 정하고, 각자 할당된 파트의 예시 및 이론에 대해 조사해 학습했습니다.",0
"[‘무한도전’, 침착성을 무기로 달성하다.] 

홍보인에게 위기시 침착할 수 있는 능력은 필수적입니다.",0
"저는 대학에서 기계공학을 전공하며 생산 공정과 품질 관리 과목을 수강했고, 이 과정에서 하나의 완성차가 만들어지기까지 수많은 공정과 기술이 유기적으로 연결되어 있다는 사실에 매력을 느꼈습니다.",1
"[철저한 준비를 통하여 한계에 도전하다]

평소 내가 가진 한계가 궁금하단 생각을 종종 하였습니다.",0
"그래서 저는 그 친구를 직접 찾아가 밥도 같이 먹고, 제가 재수생활을 하며 얻은 팁들을 전수해주었습니다.",0
실제로 발표나 과제 제출 전에는 여러 차례 점검하며 완성도를 높이기 위해 노력해 왔습니다.,1
저의 가장 큰 장점은 맡은 일에 끝까지 책임지고 완수하는 끈기와 성실함입니다.,1
그래서 사전에 미리 호주 커피에 대해서 공부를 한 후 이력서를 낼 때마다 호주 스타일의 커피를 만들 수 있다고 강조했습니다.,0
저희 부모님께서는 교육데 대해서는 지금도 엄격하시지만 어린 시절부터 굉장히 예의를 중요하게 여기시고 키워주셨습니다.,0
물류 전공자로서 이러한 CJ대한통운의 위상에 보탬이 되고자 하는 마음가짐을 가지게 되었습니다.,0
현실에 안주하기보단 목소리를 냈을 때 권리를 얻을 수 있다는 교훈과 임금문제 또한 해결되는 값진 경험을 얻었습니다.,0
부모님 도움없이， 등록금 마련과 교환학생을 가기 위해 진행한 개인 프로젝트입니다.,0
또한 1996년 ISB혁신 이후 2005년 두산 인프라코어의 출범과 전 세계 각국으로 뻗어나가는 역동적인 모습은 두산에 대한 확신을 주었습니다.,0
"입사 후에는 비즈니스와 IT를 연결하는 역할을 수행하며, 현장의 요구를 실제로 작동하는 시스템으로 구현하는 일을 하고 싶습니다.",1
우리끼리만은 해결이 힘들다 생각해 다른악기파트로부터 우리의 문제점에 대한 피드백을 받고 해결법을 강구하였습니다.,0
교내 취업 서포터즈 활동을 하며 공모전 및 대외활동 정보를 수집·정리해 SNS 채널에 게시한 경험이 있습니다.,1
당시 저희 팀의 목표는 실질적인 시장 분석을 바탕으로 차별화된 마케팅 전략을 수립하여 우수한 성과를 거두는 것이었습니다.,1
이를 통해 다양한 성향의 사람들과 의사소통하는 법을 배우고 동영상 편집과 글을 쓰는 능력을 길렀습니다.,0
"당시에는 노력의 양만 늘리면 결과가 따라올 것이라 생각했지만, 실패가 반복되며 방식 자체를 점검해야 한다는 필요성을 깨달았습니다.",1
"특히 학업과 진로에 대한 고민으로 어려움을 겪던 한 후배가 있었는데, 꾸준한 면담과 학습 계획 수립을 통해 자신감을 회복할 수 있도록 지원하였습니다.",1
"이러한 저를 보며, 많은 사람들은 아까 확인한 사항을 왜 다시 확인을 하느냐고 물어봅니다.",0
이 방식을 도입하고 난 후， 조별로 주어진 업무분량을 달성하기 위해 조원들이 합심하여 일하여 업무속도가 향상되었습니다.,0
앞으로도 이 경험을 바탕으로 변화에 유연하게 대응하며 성장하는 인재로 발전하고자 합니다.,1
카드는 고객의 생활에 큰 도움이 되리라 생각합니다.,0
정년 연장이 법제화되어 임금피크제가 시행해야 할 처지에 놓여있지만 도입하기란 쉽지 않습니다.,0
어린이들의 시선을 끌기 위해 피크타임 한 시간 전부터 점심시간이 끝날 때까지 인형옷을 입고 전단지를 배포하기 시작했습니다.,0
저는 다양한 사람들과 함께 일하는 것을 즐기며， 제가 속한 조직이 최고의 능력을 발휘할 수 있도록 도와주는 것을 좋아합니다.,0
서울과 관련된 객관적인 자료 위에 저만의 관점이 더해져야 했습니다.,0
효율적으로 근무할 수 있게 만든 이 작업을 통하여 한 아이디어가 조직의 업무생산능력을 증진할 수 있다는 것을 배웠고， 근무자 모두를 만족하게 할 수 있다는 자신감을 얻었습니다.,0
행사와 일을함에 있어서도 자발적으로 움직이면서 노력했습니다.,0
그래서 연습 전 팀원들과 간단한 식사를 하거나 연습 후 회식을 하여 서로에 대하여 조금씩 알아가거나 연습 중 가벼운 농담으로 친해지기 위해 먼저 노력하였습니다.,0
임금피크제의 안정적 도입 방안으로 우선 중?고령 인력 활용방안에 대한 충분한 검토가 필요하다고 생각합니다.,0
"전공 수업과 팀 프로젝트, 동아리 활동을 통해 자연스럽게 여러 사람들과 협업하며 서로를 이해하고 존중하는 태도의 중요성을 배울 수 있었습니다.",1
"매일 학습 계획을 세워 복습과 예습을 반복하고, 부족한 부분은 스스로 찾아 보완하며 성장해 왔습니다.",1
신입비서로서 익혀야 될 업무 매뉴얼이 많을 꺼라 예상됩니다.,0
프로젝트의 성공적인 결과를 가지고 태국에서 다양한 국적의 친구들을 사귀며， 4개월 동안 10곳 이상 배낭여행을 다녔습니다.,0
더 이상 고민할 것이 없었으며 1년 휴학을 감행했습니다.,0
"이 프로젝트를 통해 실제로 3곳의 소상공인이 서비스를 시범적으로 사용하게 되었고, 주문 정리 시간이 줄어들었다는 긍정적인 피드백을 받을 수 있었습니다.",1
"취업률을 강조한 멘트로 바꾸어 말하자고 담당하는 분께 먼저 제안 드린 후, 앉아서 때를 기다리는 것이 아니라 적극적으로 다가가 홍보물을 나누어 주었습니다.",0
이런 메모하고 일정을 관리하는 습관은 업무 진행에 있어 신뢰감을 주고 나아가 팀워크에 이바지할 수 있다고 생각합니다.,0
"전체적인 과정을 생각하고, 필요한 요소들을 파악하겠습니다.",0
입사 후에는 우선 IT 서비스와 비즈니스 구조에 대한 이해를 바탕으로 기본기를 탄탄히 다지고 싶습니다.,1
작은 부분까지 신경 쓰다 보니 의사결정이 늦어지는 경우도 있었습니다.,1
또한 어릴 적부터 한자를 배워 사용했던 터라 2급 정도는 준비 없이 합격했습니다.,0
"이후에도 다양한 구성원과 협업할 때, 이와 같은 질문 중심의 소통 방식을 꾸준히 활용하고 있습니다.",1
"첫 째, ‘수 자원 안보’에 대해 무지했습니다.",0
"입사 후에는 기본 간호 역량을 빠르게 습득하고, 다양한 진료과에서 경험을 쌓아 현장 대응 능력을 강화하는 것을 목표로 하고 있습니다.",1
저 또한 다양한 사람과 업무를 연결하며 팀의 효율을 높이는 역할에 강점이 있습니다.,1
"본래 외주로 진행하려고 했지만, 막판에 계획이 바뀌어 영상팀 인턴들이 제작하게 된 것입니다.",0
대학교 3학년 때 데이터 분석 역량 강화를 목표로 개인 프로젝트를 기획하고 수행한 경험이 있습니다.,1
"이러한 경험을 통하여 건강한 밥상이 주는 행복을 알게 되었고, 건강한 식자재를 유통하는 CJ프레시웨이에 관심을 갖게 되었습니다.",0
"‘숫자로 보는 오션월드’페이지에 ‘세계4위’ 정보를 추가했고, 이벤트 페이지를 SNS와 연계하여 이집트 컨셉을 알릴 수 있는 이벤트를 제시했습니다.",0
"우선 전체 일정과 산출물을 다시 점검해 반드시 필요한 핵심 과제부터 선별했고, 공백이 된 업무는 제 역량 범위 내에서 우선 맡아 진행했습니다.",1
저의 이러한 장점은 군복무시절 본부중대 인사병으로 근무하면서도 빛을 발했습니다 .,0
"앵그리버드처럼 여러 개의 스테이지도 구성하고 그림, 사운드에 사용할 리소스를 구하기도 하였습니다.",0
"손님의 대부분이 어린 아이를 데리고 있는 부모님이었기에,재미있는 홍보를 통해 아이들의 흥미를 끌어야 한다고 생각했습니다.보통,부모님은 아이의 의견에 따라 외식 메뉴를 결정하기 때문입니다.",0
현지인이 원하는 비빔밥의 맛을 조사하고 홍보물을 제작하여 시식회를 진행했던 경험은 인턴으로서 쉽게 얻을 수 없는 실무경험이었습니다.,0
다양한 업무를 안정적으로 지원하며 팀에 꼭 필요한 구성원이 되겠습니다.,1
설계와 제작을 직접 해야 했기에 대부분의 학생은 비교적 간단한 용수철이나 고무줄의 탄성력을 이용한 비슷한 원리의 투석기를 '얼마나 완성도 높게 만드는지' 에만 치중하였습니다.,0
이대로 남은 학기를 마치고 입사를 하게 된다면 일 하는 자신이 부끄럽게 느껴질 정도로 전공 지식이 부족하다고 판단하였습니다.,0
"그때 선생님이 자신의 행동만을 생각하지 말고, 상대방의 입장이 되어 생각하라는 사자성어인 역지사지[易地思之]를 말씀하셨습니다.",0
"자신(성장과정, 성격의 장?단점, 학교생활 등)에 대하서 서술하세요.",0
기대했던 만큼의 성과를 못 내거나 따라주지 않을 때는 실망도 했었습니다.,0
"또한 교내 공모전과 학술 동아리, 봉사활동 등에 적극적으로 참여하며 전공 외적인 역량도 함께 발전시켜 왔습니다.",1
"이후에도 문제를 데이터로 바라보고, 현장과 함께 답을 찾는 태도를 제 강점으로 발전시키고 있습니다.",1
저는 팀 내에서 자료 조사와 전략 기획을 담당하며 프로젝트 전반의 방향 설정에 기여하였습니다.,1
저의 과한 행동들 때문에 친구들과 화를 내고 서로 싸우는 일이 많이 발생하여 선생님에게 혼나기 일쑤였습니다.,0
"반면, 단점으로는 완벽을 추구하는 성향으로 인해 결정에 시간이 오래 걸린다는 점이 있습니다.",1
"대학에서 간호학을 전공하며 저는 간호가 단순한 기술이 아니라, 환자의 신체적·정서적 상태를 함께 돌보는 전문적인 돌봄이라는 것을 깨닫게 되었습니다.",1
그래서 바로 계산하시는 직원분께 가서 상황을 설명해 드리고 더 받은 돈을 돌려 드렸습니다.,0
비서는 말하기보다 듣는 직업이라고 생각합니다.,0
그리고 이를 실천하기 위해 호주의 유방건강 캠페인인 '핑크 피터스 데이'에 참여하고 있습니다.,0
"이 경험은 제게 도전이란 막연한 시도가 아니라, 문제를 끝까지 파고들고 해결해 내는 과정이라는 것을 깨닫게 해주었습니다.",1
"해당 서비스는 고객의 검색 기록, 구매 이력, 찜 목록, 리뷰 활동 등을 종합적으로 분석하여 개인의 취향과 소비 패턴에 맞는 상품을 자동으로 추천해주는 기능입니다.",1
"기계의 심장이라고 할 수 있는 엔진에 대한 해석과 이를 바탕으로 하여 고효율, 고성능의 엔진을 완성시키는 직무는 엔진의 온도만큼이나 뜨거운 저의 열정과 능력을 발휘하기에 최적의 분야라고 생각합니다.",0
"또한, 절박함과 책임감을 가지고 일에 임한다면 못할 것이 하나도 없다는 생각도 하게 되었습니다.",0
그리하여 최종적으로는 타인으로부터 신뢰받고 사회에서 필요로 하는 LG인이 될 것입니다.,0
"당시 전공 수업을 통해 기초적인 통계 이론을 접한 이후, 실제 데이터를 활용해 문제를 해결해 보고 싶다는 목표를 세우고 공공데이터를 활용한 소비 패턴 분석 프로젝트를 자발적으로 진행하였습니다.",1
귀사에 지원하게 된 동기는 안정적인 사업 기반과 지속적인 혁신을 바탕으로 업계에서 신뢰받는 기업으로 성장해 온 점에 깊은 인상을 받았기 때문입니다.,1
책임감과 도전 정신을 바탕으로 조직의 신뢰를 받는 전문가로 성장해 나가겠습니다.,1
"둘째, 주어진 업무를 빠른 시간 안에 마스터해 멀티플레이어가 되겠습니다.",0
하지만 정작 저는 심중에 불만이 있어도 표현을 잘 하지 않는 단점이 있습니다.,0
"그 결과, 인턴들과 직원들 모두에게 감동을 주는 영상을 제작할 수 있었고, 큰 성취감을 맛보았습니다.",0
제가 직장을 선택할 때 가장 중요하게 생각하는 기준은 **‘현장에서 배우며 성장할 수 있는 교육 환경’**과 **‘구성원을 존중하는 조직 문화’**입니다.,1
"종종 테이블 번호를 착각하곤 했었는데, 그러던 어느 날 주문을 받던 중 실수로 테이블 번호를 잘못 입력하였습니다.",0
"이 때, 분량이 많았던 조원의 불만으로 인해 의견다툼이 있었지만, 서로 찾아온 예시를 공유하고 토론하여 갈등을 극복했습니다.",0
LG하우시스는 삶의 영위에 반드시 필요한 건자재 및 고기능 소재를 생산하고 세계 시장을 주도하고 있습니다.,0
"또한 퇴근하기 전에도 확인사항 준비와 체크, 우발사항 대비 근무사항을 확인하고 퇴근을 해왔습니다.",0
아버지께서는 비록 배운 것은 없지만 성실히 일함으로써 주변사람들에게 인정을 받을 수 있었다고 하셨습니다.,0
"저 또한 처음엔 영어를 못하는 대부분의 한인처럼 한인 밑에서 일하며 최저임금도 안 되는 임금을 받았고, 그마저도 다 받지 못하는 부당함을 겪었습니다.",0
도전적인 목표를 세우고 끈질기게 노력했던 경험은 전공과 무관한 분야의 공모전에 도전했던 일입니다.,1
JDBC였다면 웹에 있는 코드들을 참고하면서 많은 숙련자들에게 질문하여 얻으면 금방 알 수 있는 것들조차 스스로 함수나 세세한 부분들을 공부해가면서 진행해야 했습니다.,0
그 누구보다 저를 잘 아는 사람은 저 자신이기 때문입니다.,0
"이 경험을 통해 저는 직무 역량은 지식 자체보다, 현장의 목소리를 반영해 실현 가능한 결과로 연결하는 과정에서 성장한다는 것을 배웠습니다.",1
저는 대학 생활 동안 다양한 배경과 성향을 가진 친구들과 폭넓은 교우관계를 형성하며 원만한 대인관계를 유지해 왔습니다.,1
앞으로도 이러한 경험을 바탕으로 실무에 강한 전문 간호사로 성장해 나가고자 합니다.,1
이러한 생각을 실현하기 위해 인사직무에 지원하게 되었습니다.,0
"특히 귀사는 체계적인 교육 시스템과 명확한 업무 프로세스를 통해 신입사원의 성장을 적극적으로 지원하고 있어, 전문성을 갖춘 인재로 발전할 수 있는 최적의 환경이라고 판단하였습니다.",1
"저는 이론적인, 전문적인 지식은 남들에 비하여 많이 부족합니다.",0
매니저님께 사실대로 말하여서 이미 다른 테이블로 전달된 음식들에 대해서는 다시 조리를 하도록 하였습니다.,0
"[G9의 ‘실시간 관심코너’ 정보를 구매고객유형 별로 분류하여 제공]
G9의 실시간 관심코너는 최근에 어떤 사용자가 상품을 구매하거나, 찜한 정보를 바탕으로 상품들을 보여줍니다.",0
대학교 시절 소리샘이라는 보컬 동아리에서 활동한 경험을 통해 대인관계 능력을 길렀습니다.,0
"이를 개선하기 위해 업무의 우선순위를 명확히 설정하고, 일정 수준 이상의 완성도에 도달하면 과감하게 실행하는 연습을 지속하고 있습니다.",1
그곳에서 비서의 중요한 역량인 어학능력향상과 함께 세계를 무대로 향해 나아가야 한다는 글로벌마인드도 배울 수 있었습니다.,0
이로 인해 회의가 길어지고 의사결정이 지연되는 문제가 나타났습니다.,1
"당시 저희 팀은 1인 가구를 위한 맞춤형 식단 관리 앱을 주제로 사업 모델을 기획하였으며, 저는 시장 조사와 수익 구조 설계를 담당하였습니다.",1
"계좌 개설부터 대출, 송금까지의 과정이 복잡하지 않고 직관적으로 설계되어 있어, 금융에 익숙하지 않은 사람도 부담 없이 이용할 수 있다는 점이 인상 깊었습니다.",1
이로 인해 회의 시간이 길어지고 결정이 지연되는 문제가 발생하였습니다.,1
점점 적극적으로 업무에 임하는 과정을 중점적으로 스토리를 풀었습니다.,0
이러한 환경 속에서 저 역시 사회에 긍정적인 영향을 미치는 구성원으로 성장하고자 지원하게 되었습니다.,1
"SGI서울보증은 보증잔액이 매우 큰 기관이고(보증잔액 479조원) , 사업 포트폴리오에서 주택부동산보증 비중이 상당해 경기 둔화·부동산 변동성에 따라 실적 민감도가 높아질 수 있습니다(2025년 3분기 말 기준 보증잔액 중 주택부동산보증 비중 23% 언급).",1
"장기적으로는 기술과 금융을 연결해, 카카오뱅크가 일상의 금융 플랫폼으로 자리 잡는 데 기여하는 구성원으로 성장하고 싶습니다.",1
"고분자를 합성 할 때 고려할 요소는 기기의 온도 및 첨가제와의 배합비율, 합성시간 등이 있습니다.",0
"또한, 올바른 유형을 선택하거나, 유형들의 장점만을 가져가 적합한 임금피크제를 도입하여야 할 것입니다.",0
어느 한 부분에서 오류가 생기면 전체에 영향을 미치는 업무들을 2년간 처리해 오면서 영업관리의 기본 역량을 익힐 수 있었습니다.,0
"눈에 띄는 성과보다 과정의 구조와 맥락을 중요하게 생각하며, 왜 이런 문제가 생겼는지를 이해해야 다음 단계로 나아갈 수 있다고 믿습니다.",1
"저는 일을 할 때 겉으로 드러난 현상보다 ‘왜 이 문제가 생겼는지’, ‘지금 가장 중요한 것이 무엇인지’를 끝까지 파고드는 편입니다.",1
저는 입사 후에 선배들과 끊임없는 의사소통을 통해 업무 능력을 열심히 배워나가겠습니다.,0
매년 한 개씩 딸 수는 없었지만 그렇게 하기위해서 노력했고 결국 이런 경험들은 나중에 저의 직무를 수행하는데 있어서 큰 도움이 되리라고 생각됩니다.,0
"아르바이트 초기에는, 프로모션, 판촉 등이 고객들의 만족과 감동을 가져다 줄 것이라 생각하였습니다.",0
"총학생회에서 임원직을 맡았을 때, 학생 대표자 투표가 종이 시스템으로 진행되던 것을 전자투표로 바꾸기 위해서 선후배로 이뤄진 팀을 짜고 개발을 진행하면서 동시에 다른 대표자들이나 학교를 설득하기 위해 뛰어다녔던 경험이 있습니다.",0
다양한 쿼리문을 배우고 이용하며 흥미를 느꼈고 데이터 처리 분야의 전문가가 되고 싶다는 결심을 했습니다.,0
특히 조별 과제에서는 일정 관리와 역할 조율을 담당하며 팀의 완성도를 높이는 데 기여하였습니다.,1
"또한 진행 상황을 간단한 공유 문서로 정리해, 모두가 현재 상태를 한눈에 볼 수 있도록 했습니다.",1
"그 결과 행사 당일 큰 사고 없이 원활한 운영이 이루어졌고, 참가자와 관계자 모두 높은 만족도를 보였습니다.",1
반대로 팀워크를 만드는 데 가장 방해가 되는 요소는 책임 회피라고 생각합니다.,1
조별로 분석 방법이나 기기 중에서 한가지 주제를 정하고 발표하는 것이었습니다.,0
이 경험을 통해 저는 맡은 역할에 대한 책임감을 바탕으로 타인의 성장을 돕는 것이 곧 조직의 성과로 이어진다는 점을 깨달았습니다.,1
대학교 재학 중 교내 봉사 동아리에서 2년간 활동하며 가장 강한 소속감을 느꼈던 경험이 있습니다.,1
이 방식을 도입하고 난 후， 조별로 주어진 업무분량을 달성하기 위해 조원들이 합심하여 일하여 업무속도가 향상되었습니다.,0
가장 기본적인 태도에 집중해 믿음과 신뢰로 소통할 수 있는 비서가 되겠습니다.,0
"두 번째로, 의사소통능력을 갖추기 위해, 휴대폰조립 회사 생산부서에서 일을 한 경험이 있습니다.",0
"단기적으로는 현장의 업무를 빠르게 습득하며 실무 경험을 쌓고, 장기적으로는 글로벌 시장에서도 경쟁력 있는 IP와 서비스를 기획·운영하는 전문가로 발전하는 것이 목표입니다.",1
"그 결과 최종 결과물의 완성도를 크게 높일 수 있었고, 도전 자체에 의미를 두었던 초기 목표를 넘어 만족스러운 성과를 거둘 수 있었습니다.",1
저는 그동안 혼자서 일했을 주방장님을 생각해 주방에 머물며 의중을 여쭤 보았고 불만사항을 발견할 수 있었습니다.,0
공평하게 일을 하는 것이 합리적이라고 생각되어 담당 조교 선생님의 동의를 얻어 공평하게 일을 하는 방법을 모색했습니다.,0
거리에선 한식당을 찾는 손님들께 우선하여 시식 서비스를 제공하며 홍보물을 배포했습니다.,0
대학교 2학년 때 교내 창업 동아리에서 모바일 주문 시스템 개선 프로젝트를 진행하며 반복적인 오류 문제를 해결한 경험이 있습니다.,1
NHN Entertainment에 입사 후에는 신개척분야 한 곳을 도맡아 개발하고 발전시킬 수 있는 프로젝터 리더가 되고싶습니다.,0
"탄탄한 기본이 뒷받침된 상태에서 적재적소에 발상의 전환이 가미될 때 남들과 차별화된 결과를 얻을 수 있고, 이런 결과물이 혁신으로 인정받는 것입니다.",0
당시 저는 공정 분석과 개선안 도출을 담당하며 원료 투입부터 포장까지의 흐름을 정리했습니다.,1
"이처럼 맡은 분야의 최신 동향에 항상 관심을 갖고, 변화에 뒤쳐지지 않는 능력도 직무 수행에 있어 중요하다고 생각합니다.",0
"게다가, 전단지를 받고도 바로 버리는 경우가 많아 홍보가 매출액 증가로 이어지기 어려웠습니다.",0
그 후로 저는 '불만 속에 담긴 소통의 의미'를 발견하며 좀 더 건강하고 균형 잡힌 직장생활을 할 수 있었습니다.,0
"사용자는 모바일 앱에 기본 건강 정보와 목표를 입력하면, CJ 계열사의 구매·방문 이력을 기반으로 매주 추천 식단과 필요한 식품을 자동으로 보여줍니다.",1
"현재 연구하고 있는 추천시스템 뿐만 아니라, 텍스트 마이닝, 음성 인식 등 인공지능과 관련한 다양한 분야에 딥러닝을 활용한 연구를 하고 싶습니다.",0
저 역시 마찬가지로 굉장히 도전을 즐기는 사람입니다.,0
저는 지원 직무에서 이러한 관점으로 제품과 서비스의 품질을 높이는 데 기여할 수 있는 인재라고 생각합니다.,1
"과정 중 여러 차례 방향 수정이 필요했고, 중간 점검에서는 기대에 못 미친다는 평가도 받았습니다.",1
"이외에도 저는 학창시절 일탈부터 입시까지 수차례 실패하고 방황했고, 노가다와 택배알바부터 학원 강사 및 고액과외까지 여러 가지를 경험했습니다.",0
이에 저는 오류 발생 시점과 조건을 기록하며 패턴을 분석하기 시작하였습니다.,1
이후에도 협업 상황에서 조율자 역할을 수행하며 조직의 성과 창출에 기여하고자 노력하고 있습니다.,1
"영어가 부족했던 저는, 컨퍼런스 때 필기를 하면서도 나중에 또 들을 수 있도록 녹음을 했습니다.",0
"계산하시는 분도 인지하지 못하는 것 같았고, 순간 모른척하고 가게를 나설까 하는 생각이 들기도 했습니다.",0
이러한 경험을 통해 협업 환경 속에서 중심을 잡고 흐름을 원활하게 만드는 방법을 배웠습니다.,1
"저는 이러한 변화가 단순한 편의성을 넘어, 금융 접근성을 넓히는 중요한 역할을 한다고 생각했고 그 과정에 직접 참여하고 싶어 지원하게 되었습니다.",1
"또한 의료 현장은 팀워크가 중요한 만큼, 서로 존중하며 협력하는 분위기가 갖춰진 조직에서 근무하고 싶다고 생각해 왔습니다.",1
이러한 장점은 빠르게 업무를 수행하는 데 도움이 될 것입니다.,0
하지만 임금 체계가 혼란되고 신규 일자리 증가가 보장된다는 확신이 없어 많은 반대에 부딪히고 있습니다.,0
"마지막 체력측정이 있던 날, 마지막 3km 달리기 도착점 100m 앞에서 이성훈 병장이 응원하는 목소리를 듣고 전력질주하여 특급체력을 달성하였습니다.",0
그래서 팀원 한 명씩 직접 면담을 하면서 소통하려 했습니다.,0
"결국, 같은 파트원끼리 서로 탓하기 바빴고 다른 파트들과의 감정의 골도 깊어져 갔습니다.",0
"(600자 이내)

학교홍보대사 근로 장학생으로 선발되어 홍보실에서 근무했었습니다.",0
"[실수는 최대한 빨리 인정하고 문제를 바로 잡자]
영국으로 워킹홀리데이를 떠나 그곳에서 지내며 레스토랑에서 6개월간 일을 했었습니다.",0
그 중 고분자 합성이라는 과목은 고분자를 다루는데 필수적인 과목입니다.,0
그 결과 팀원들을 이해할 수 있었고 좋은 성과는 물론 활동이 끝난 뒤에도 계속 연대를 이어나가는 팀을 만들 수 있었습니다.,0
"첫째, 프로그램에 대한 설명의 부재입니다.",0
또한 학과 행사와 친목 모임에 적극적으로 참여하며 선후배 간의 소통에도 힘써 왔습니다.,1
무한한 글로벌 항로에 뛰어들어 저의 역량으로 보탬이 되고자 합니다.,0
"단순 중개수수료 외에 회원 가입제, 부분 유료화 등의 수익모델을 구상하며 사업화하는 과정도 거쳤습니다.",0
다른 나라와 비교하였을 때 경쟁력 있는 한국의 특성은 무엇일까를 찾는 데에서부터 시작했습니다.,0
좋은 목적과 달리 처음에는 사람들의 관심을 얻지 못하여 어려움이 많았습니다.,0
현대자동차 해당 직무 분야에 지원한 이유와 제가 그 직무에 적합하다고 판단하는 이유는 다음과 같습니다.,1
"여기에서 그치지 않고, 이러한 이론적 지식을 설계프로젝트, 기업탐방, 고분자산업 동향파악 등과 같은 활동으로 이론적 지식을 실제적으로 활용하기 위해 상당한 노력을 했습니다.",0
삼성전자를 지원한 이유는 기술을 통해 산업과 일상의 기준을 만들어 온 기업이라고 생각했기 때문입니다.,1
어렸을 때부터 장남으로 자라왔기 때문에 친구들과 주변사람들을 가장 중요하게 챙기는 성격입니다.,0
"저는 금융 서비스 이용 과정에서 느꼈던 미세한 불편이나 망설임의 지점을 논리적으로 설명하고, 실행 가능한 개선안으로 연결하는 데 강점이 있습니다.",1
"단순한 이동 수단을 넘어, 안전과 서비스, 운영 시스템이 유기적으로 결합되어 하나의 완성된 경험을 만들어낸다는 점에서 전문성과 책임감이 동시에 요구되는 분야라고 생각합니다.",1
"5명의 팀원을 이끄는 팀장을 맡게 되면서 바이어, 제조업체뿐만 아니라 팀원들 간의 소통이 얼마나 중요한지 깨닫게 되었습니다.",0
대학 재학 중 환자 응대 능력과 책임감을 기르기 위해 병원 원무과 아르바이트와 임상 실습에 참여하며 다양한 사회·현장 경험을 쌓았습니다.,1
제가 제안하는 아이디어는 **CJ그룹 통합 멤버십 기반의 ‘스마트 식단 플래너’ 서비스**입니다.,1
저는 초등학교 때부터 시작한 봉사활동을 지금까지 계속 이어서 활동 하였습니다.,0
"[경청하는 소년]

""입은 하나이지만 귀가 두 개인 이유는 듣는 것이 더 중요하기 때문이다.""란 말이 있습니다.",0
이러한 대한항공의 방향성과 도전 정신은 안정 속에서도 끊임없이 발전하고자 하는 저의 가치관과 잘 부합한다고 판단하여 지원하게 되었습니다.,1
그 결과 작업 동선이 단순화되고 공정 시간이 줄어드는 변화를 만들 수 있었습니다.,1
"축이 원운동을 시작하는 높이 조절에 따라 공이 날아가는 거리도 조절이 쉬웠기에 정확성, 창의성, 완성도 모두 만점을 맞으며 투석기설계 대회에서 1등을 수상하였습니다.",0
"이를 통해, 실시간 관심코너를 사람들이 조금 더 관심을 가지고 이용할 것이라고 생각합니다.",0
학생들이 찾지 않는 부스를 보며 가만히 있다가는 계획했던 목표를 달성하기 힘들 것이라 판단하였습니다.,0
팀 내에 안드로이드 프로그래밍을 해본 사람이 없었고 저는 팀장으로서 책임감을 느껴 안드로이드 공부를 하기로 결심했습니다.,0
"초기에는 기본 업무에 충실하며 건설 기술과 프로세스에 대한 이해를 높이고, 장기적으로는 프로젝트 전반을 책임지는 핵심 인력으로 성장하고자 합니다.",1
제가 가장 중요하다고 느끼는 최근 사회적 화두는 ‘기업의 사회적 책임’이라는 점을 꼽고 싶습니다.,0
또한 추천 상품을 **온라인 주문과 오프라인 매장 예약**으로 바로 연결해 편의성을 높입니다.,1
"친구들은 문자메시지로 격려했지만, 저는 그렇게 말로만 격려한다고 도움이 될까 하는 생각이 들었습니다.",0
"처음 멘토 역할을 맡았을 당시, 단순히 학업 정보를 전달하는 것을 넘어 후배들이 대학 생활에 안정적으로 적응할 수 있도록 돕는 것이 저의 책임이라고 생각했습니다.",1
"유니클로에서 달성하고자 하는 최종 목표는 현장을 가장 잘 이해하는 매니저로 성장해, 고객과 직원 모두가 만족할 수 있는 매장을 만드는 것입니다.",1
프로젝트 초기에는 팀원들의 전공과 성향이 달라 업무 방식과 의견 차이로 인해 협업에 어려움이 있었습니다.,1
"이에 따라 정기적인 상담 시간을 운영하고, 수강신청 방법, 전공 과목 선택, 비교과 활동 정보 등을 체계적으로 정리하여 공유하였습니다.",1
"복잡한 상품 구조보다 이해하기 쉬운 보장, 신속한 지급과 고객 경험을 중시하는 방향성은 보험에 대한 신뢰를 높이는 핵심 경쟁력이라고 생각했고, 이러한 가치가 저의 지원동기에 직접적인 영향을 주었습니다.",1
"또한 편의점에서 재정 및 운영관리, 홀 서비스 아르바이트를 하며 타인을 먼저 생각하는 배려심, 사교성을 배웠습니다.",0
"특히 치아보험을 비롯한 건강·보장성 보험에 집중하며, 고객의 실제 필요를 기준으로 상품과 서비스를 발전시켜 온 점이 인상 깊었습니다.",1
"블루버드는 글로벌 자동인식 및 모바일 컴퓨팅 분야에서 축적된 기술력과 안정적인 제품 경쟁력을 바탕으로 산업 전반의 디지털 전환을 선도하고 있는 기업으로, 현장에서 실제로 활용되는 솔루션을 통해 고객의 업무 효율을 높이고 있다는 점에서 큰 매력을 느꼈습니다.",1
당시 품질 관리 역할을 수행하던 중 갑자기 생산이 중단된 적이 있었습니다.,0
"한 번 맡은 일은 끝까지 완수하려는 성향이 강해 팀 프로젝트나 대외활동에서도 마감 기한을 철저히 지키고, 부족한 부분이 있으면 스스로 보완하며 완성도를 높여왔습니다.",1
"작은 약속과 기본적인 태도가 신뢰를 만든다고 믿으며, 시간 약속을 지키고 맡은 역할에 최선을 다하는 것을 가장 중요하게 생각합니다.",1
카드는 단순히 얼마를 할인해주고 어디서 혜택을 주는지를 알려줍니다.,0
단청은 기본적으로 나무 위에 칠하는 것이라는 점과 공방의 주요 고객은 관광객들이라는 점을 감안하여 나무엽서로 아이템을 변경하였습니다.,0
이러한 경험은 블루버드가 추구하는 현장 중심의 기술 혁신 방향과 잘 부합한다고 생각합니다.,1
정신과 병동 실습을 통해서는 환자의 정서 상태를 이해하고 공감 중심의 간호를 실천하는 중요성을 배울 수 있었습니다.,1
"너도 나도 창의성, 발상의 전환이 필요하다고 외칩니다.",0
2학년 때부터 약 1년간 학술부 부원으로 활동하며 학과 내 학습 분위기 조성과 전공 역량 강화를 위한 프로그램 운영에 적극적으로 참여하였습니다.,1
"기초 지식부터 다시 쌓아야 했기에 학업 부담은 컸고, 성과가 바로 보이지 않아 불안한 시기도 많았습니다.",1
"DCT개발로 해결]

 2013년부터 서울 모터쇼를 관람해오며 느낀 바로 최근 자동차 브랜드들의 관심이 가장 두드러졌던 분야는 친환경 차였으며, 올해의 키워드 역시 '친환경, 고성능, 고연비'였습니다.",0
라이나생명의 일하는 방식 중 저를 가장 잘 나타내는 가치는 **본질(몰입)**이라고 생각합니다.,1
"축제 준비 경험은 저에게 도전 앞에서 물러서지 않고 스스로 움직이는 힘을 길러준 계기였으며, 현재까지도 새로운 과제에 주도적으로 임하는 제 삶의 기준이 되고 있습니다.",1
"그동안 디자인 기획, 문화행사 기획, 서비스 기획 등 여러 분야에서 기획 경험이 있습니다.",0
대학교 3학년 때 기업 연계 기획 공모전에 5인 팀으로 참여하여 우수상을 수상한 경험이 있습니다.,1
다양한 현장을 넘나들고 취재한 경험을 통해 통합적 인재로 한발 나아갈 수 있었습니다.,0
저의 가장 큰 장점은 맡은 일에 끝까지 책임지고 완수하는 성실함과 꾸준함입니다.,1
"지난여름 인턴을 할 때, 개발환경설정을 위해 필요한 프로그램들을 가이드 문서를 참조하여 설치했었습니다.",0
"그것은 오션월드가 ‘세계 4위 워터파크’라는 점, 그리고 케리비안베이의 해적과는 차별화되는 ‘이집트 컨셉’을 보유하고 있다는 사실이었습니다.",0
해외마케팅활동을 하면서 가장 중요시했던 점은 바로 ‘소통’이었습니다.,0
그분께서는 매우 고마워하시면서 꼭 다시 가게를 찾아오라고 당부하셨습니다.,0
"충분한 연구와 조사를 바탕으로 한 기획으로 디자인 전개 또한 수월하였고, 최우수상인 S Design Award를 수상하였습니다.",0
입사 후에는 제품과 산업 환경에 대한 이해를 바탕으로 영업·기술·서비스 부서 간의 협업을 원활하게 연결하는 실무형 인재로 성장하는 것이 저의 목표입니다.,1
팀 프로젝트였기에 뒤처지지 않기 위해 개인 학습 내용을 공유하며 팀원들과 지속적으로 소통했습니다.,1
대학교 때 국제워크캠프에 참가하며 프랑스를 다녀왔습니다.,0
이러한 성향 덕분에 팀 프로젝트와 대외활동에서도 신뢰받는 구성원으로 역할을 수행할 수 있었습니다.,1
"대학 시절 다양한 팀 프로젝트와 서비스 관련 활동을 통해 고객 만족과 운영 효율의 중요성을 직접 경험하며, 작은 개선이 전체 품질을 크게 향상시킬 수 있다는 점을 깨달았습니다.",1
언제나 집안에 행복한 웃음소리가 끊이지 않는 즐거움이 넘치는 저희 집은 남들 모두 부러워하는 가정 이였습니다.,0
삼성은 대한민국의 경제 활성화를 위해 힘쓰는 국내 최고의 기업이라고 확신합니다.,0
가격 경쟁력을 확보하기 위해 저렴한 화이트 올레드 소자에 대한 연구 및 개발이 필요하다고 생각합니다.,0
일하는 곳에 자부심을 느끼고 동료를 믿었던 마음은 인턴십을 마친 후 저의 가장 큰 핵심역량이 되었습니다.,0
조를 배치한 후에 업무를 분담하였는데 매달 담당하는 업무들을 순환하여 평균적인 업무량을 맞출 수 있도록 노력했습니다.,0
"초등학교 3학년, 한창 호기심 많고 장난도 심한 시절에 장난으로 친구를 가격하고 꼬집는 등 괴롭히는 행동들을 많이 했습니다.",0
"시험 기간에는 함께 학습 계획을 점검하며 동기부여를 이어갔고, 필요할 때마다 관련 자료를 찾아 제공하였습니다.",1
"이 경험을 통해 저는 문제를 회피하기보다 적극적으로 해결책을 찾는 자세와, 조직 내에서 책임감을 갖고 행동하는 태도의 중요성을 배우게 되었습니다.",1
"이후에는 공정과 데이터, 현장의 경험을 연결해 효율과 품질을 동시에 높이는 역할을 수행하고자 합니다.",1
경영자가 되는 데 있어 가장 중요하다고 생각하는 두 가지는 **현장 이해**와 **결단력**입니다.,1
"현재 삼성화재에서 추진 중인 글로벌 시장 진출 역시, 현지 사회에 대한 기업의 긍정적 이미지 구축이 전제되어야 합니다.",0
생산관리에서 무엇보다 중요한 것은 인적자원 관리능력과 목표지향적 마인드로 생산공정의 효율성을 이끌어 회사 이익률 제고에 직접 기여하는 것으로 생각합니다.,0
"그 결과 해당 후배는 성적을 안정적으로 향상시킬 수 있었고, 이후 스스로 학업 목표를 설정하며 적극적인 대학 생활을 이어가게 되었습니다.",1
10권 이상의 책을 참고하고 리서치를 통해 서울의 역사와 지리적 특성을 파악하였습니다.,0
"성공적인 홍보로 행사에 많은 인원이 참여했고, 호주동아와 KBS 방송에도 소개되었습니다.",0
"당시 관련 지식이 거의 없는 상태였지만, 새로운 분야에 도전해 보고 싶다는 의욕으로 기초부터 차근차근 학습을 시작하였습니다.",1
하지만 제조공장 월세가 갑자기 올라 사업자금의 불안요소가 가중되기 시작했습니다.,0
"그 결과 화목한 팀이 되었고 서로에 대한 신뢰가 쌓여 연습 시 시너지 효과를 발생시켰으며, 3개월이란 시간이 지난 후 공연에서 관객들의 뜨거운 호응을 받을 수 있는 팀이 되었습니다.",0
대학 졸업을 앞두고 참여했던 외부 기업 연계 프로젝트에서 팀 내 핵심 인원이 중도에 이탈하는 어려움을 겪은 적이 있습니다.,1
"개인화된 추천과 편리한 주문 경험은 고객 만족도를 높이고, 그룹 전체의 매출과 충성도 향상에 기여할 것입니다.",1
"이후 전체 일정을 다시 세분화하여 역할별 마감 기한을 명확히 설정하고, 매일 진행 상황을 공유하는 온라인 협업 도구를 활용해 관리 체계를 재정비하였습니다.",1
"가장 크게 성장했다고 느낀 순간은, 초기 분석이 현장 여건과 맞지 않는다는 피드백을 받았을 때였습니다.",1
"저는 기술이 눈에 보이는 성과로 이어지는 환경에서 성장하고 싶었고, 그 중심에 CJ올리브네트웍스가 있다고 생각해 지원하게 되었습니다.",1
또한 제가 맡은 분야에서 최고가 되는 것도 저의 꿈입니다.,0
"저는 책임감과 성실함을 중시하는 가정환경 속에서 성장하며, 맡은 일에 최선을 다하는 태도를 자연스럽게 익혀왔습니다.",1
"특히 결과보다 과정과 원인을 중시하며, 문제를 구조적으로 정리하는 역량을 길러 왔습니다.",1
제가 보는 SGI서울보증의 가장 중요한 이슈는 주택·부동산(특히 전세보증금 반환) 관련 리스크의 구조적 확대와 그에 따른 수익성·자본 부담입니다.,1
"또한, 함께 일하는 팀원들과 소통의 과정을 통해 어떠한 좋은 아이디어가 있을지에 대해 끊임없이 궁리를 해보려고 합니다.",0
"팀 프로젝트에서는 요구사항을 정리하고 화면 흐름과 기능 구조를 설계하는 역할을 맡아, 개발자와 기획자 간의 소통을 조율했습니다.",1
"그 결과 현실성과 타당성을 갖춘 개선안을 도출할 수 있었고, 해당 프로젝트는 학과 우수 졸업작품으로 선정되는 성과를 거두었습니다.",1
"[유기적인 지식과 의사소통능력을 겸비한 인재]

도레이BSF의 연구개발 직무에는 정보의 분석력과 의사소통능력이 가장 중요하다고 생각합니다.",0
비서로서 제가 모시는 분보다 더 일찍 출근해 그 날의 업무를 정리해 보고한 후， 바쁜 일정을 소화하는 회장님과 동행하며 일해야 하기 때문입니다.,0
최근에는 이슈가 되고 있는 딥러닝 (Deep Learning)에 관심이 많아서 이와 관련한 논문들도 읽어보고 대표적인 딥러닝 기법들에 대해서도 공부를 했습니다.,0
"장기적으로는 특정 기술에만 머무르기보다, 비즈니스 흐름을 이해하는 IT 전문가로 성장해 프로젝트 전반을 주도할 수 있는 인재가 되고 싶습니다.",1
국내 카페에서 일했던 경험을 살려 호주 카페에서 바리스타로 일하고 싶었습니다.,0
저는 대학교를 졸업 하기 전 국민은행에서 소비자 고객만족 1등사원으로 6달 연속으로 뽑혔을 만큼 고객의 대한 지원과 고객이 무엇을 원하고 다양한Needs가 무엇인지 정확하게 파악하는 능력을 가지고 있습니다.,0
"시간이 걸렸지만 점차 스스로의 방향성이 명확해졌고, 이전보다 설득력 있는 결과를 만들어낼 수 있었습니다.",1
만족스러운 결과물이 나올 때까지 특유의 책임감과 끈기를 가지고 업무에 임합니다.,0
근무시간이 정해진 것 외에 명확한 업무가 없어서인지， 시간이 지날수록 몇몇 학생만이 근로를 하고 나머지 학생들에게서 성실하지 않은 모습이 많이 보였습니다.,0
급변하는 기술들 사이에서 획일화되지 않은 창의력과 한 발 더 생각하는 열정으로 현대위아를 발전시키겠습니다.,0
"단기적으로는 맡은 업무를 빠르게 습득하여 조직에 안정적으로 기여하는 인재로 자리 잡고, 장기적으로는 변화하는 환경 속에서도 새로운 가치를 만들어낼 수 있는 핵심 인재로 발전하는 것이 목표입니다.",1
"대학 시절 다양한 팀 프로젝트와 대외활동을 수행하며 조직의 목표 달성을 위해 구성원들이 협력하는 과정에 큰 보람을 느꼈고, 이러한 경험을 통해 전문성을 바탕으로 성과를 창출하는 기업에서 일하고 싶다는 꿈을 갖게 되었습니다.",1
"그러나 사업이 매번 실패를 하셨고, 집의 경제사정도 많이 힘들어져서 부모님의 짐을 덜어드리고자 공부보다는 동대문에서 일을 하며 집안에 기둥이 되며 살아왔습니다.",0
"이 경험을 통해 저는 효과적인 협업은 말을 잘하는 것이 아니라, 서로 다른 관점을 연결해 공통의 목표로 정리하는 소통에서 나온다는 것을 체감했습니다.",1
"그 과정에서 누군가에게는 당연한 정보가, 누군가에게는 큰 기회가 될 수 있다는 점을 깨달았고, 이러한 격차를 줄이는 역할을 하는 조직과 함께 성장하고 싶다는 목표를 갖게 되었습니다.",1
"초기에는 현장과 업무 프로세스를 빠르게 이해하며 기본 역량을 다지고, 이후에는 문제의 원인을 구조적으로 분석해 개선안을 제시할 수 있는 엔지니어가 되는 것이 목표입니다.",1
고객과 직원이 실제로 어떤 어려움을 겪는지 알지 못한 결정은 실행 과정에서 왜곡되기 쉽습니다.,1
"라이나생명에서 저는 주어진 업무를 처리하는 데 그치지 않고, 고객과 현장을 동시에 이해하는 구성원으로 성장하고 싶습니다.",1
이와 같은 경험을 밑거름으로 연구개발 업무에서 팀원들과 소통과 협력을 통해 큰 시너지효과를 낼 수 있을 것입니다.,0
전문 지식과 노하우를 가진 삼성물산(건설)에 특성화된 인재가 되어 모든 건축물 중 최고라고 인정받는 건축물의 완공에 0.1% 이상의 가능성을 올리는 전문가로 성장하겠습니다.,0
"임금피크제의 장점으로는 정년이 연장, 보장되고 신규 일자리 창출에 도움이 된다고 합니다.",0
"모든 일은 거래처 발주를 시작으로 재고 관리, 주방과의 커뮤니케이션, 동료와의 협업, 손님과의 소통까지 마치 톱니바퀴처럼 연결돼 있었습니다.",0
"초기에는 제품 구조와 운영 프로세스를 철저히 학습하며 기본 역량을 다지고, 장기적으로는 고객 맞춤형 솔루션을 기획·제안할 수 있는 전문 인력으로 발전하고자 합니다.",1
두 번째 단어는 ‘성실함’입니다.,1
이 문제를 해결하기 위해 팀장이었던 제가 단기간 내에 드럼을 배워 맡기로 결정되었습니다.,0
그러면서 친구들의 의견을 존중해주는 능력을 길렀고 그런 장점으로 인해 리더 역할을 맡기도 했습니다.,0
CJ프레시웨이의 식자재 유통영업 직무를 수행할 때에도 철저한 준비를 통하여 예상치 못한 변수에 빠르게 대응하여 공동과 개인의 달성에 성공하는 직원이 되겠습니다.,0
무한한 책임감과 열정으로 품질경쟁력 강화에 공헌하여 저와 LG이노텍 모두 친환경차 부품업계에서 Global Top이 되기 위해 최선을 다할 것을 약속드립니다.,0
"이전에는 정해진 시간 없이 전단지를 배포하는 형식이라, 사람들의 눈길을 끌지 못했습니다.",0
"현재 자동차업계의 가장 큰 이슈는 '친환경차'로서, 친환경차에 대한 관심과 수요는 늘어나고 있으며, 친환경차 개발에 자동차의 미래가 달려있다 해도 과언이 아닐 것입니다.",0
"현대자동차는 연구개발, 생산/제조, IT 및 신사업 분야 등 다양한 직무에서 혁신을 실현하고 있으며, 이러한 환경은 지속적으로 성장하고 배우고자 하는 저의 목표와도 깊이 부합한다고 판단하였습니다.",1
저는 이 시기 많은 아르바이트를 병행했지만 꾸준한 체력과 스트레스 관리로 지치지 않고 목표를 향해 전진할 수 있었습니다.,0
저희 부모님께서는 요식업 사업을 몇 차례 하셨습니다.,0
"심지어, 주요 전문가들이 참석하는 자리였기에 연락처를 얻을 수 있는 절호의 기회였습니다.",0
"또한 직접 현장을 방문해 교통량을 수기로 측정하고, 설문조사를 병행하여 부족한 데이터를 보완하였습니다.",1
"이처럼 저는 **현대자동차가 추구하는 기술 혁신과 변화에 대한 도전 정신**에 공감하며, 지원 직무에서 요구되는 분석력, 문제 해결 능력, 협업 역량을 갖추고 있다고 자신합니다.",1
"이처럼 저는 웹툰과 웹소설을 단순한 취미가 아닌, 지속적으로 탐구하고 분석하는 대상으로 즐기고 있습니다.",1
이후 단골 고객이 증가하며 매출 향상에도 긍정적인 영향을 미쳤습니다.,1
"현대자동차는 4대 MOVE와 4대 중점사업을 제시하며, 어떤 기업보다 CSR활동을 활발히 하고 있습니다.",0
호주 생활을 하면서 독립심도 키우고 더 넓은 세상을 볼 기회도 가졌지만 가장 소중하게 생각하는 것은 한국인 친구 못지않게 마음을 주고받았던 외국인 친구들이었습니다.,0
공강 시간에 홍보실에 찾아가 입학상담 전화 받기 및 사무를 보조하는 것이 주 업무였습니다.,0
"기존에는 설문 결과를 단순 통계로만 정리했지만, 저는 추가로 공개 데이터를 수집해 비교 분석을 시도했습니다.",1
대학교 3학년 때 창업 아이디어 경진대회에 팀원으로 참여하여 장려상을 수상한 경험이 있습니다.,1
"[도전의 연속이었던 호주생활]
 
국내에서 영어공부를 한 후 공부한 내용을 확인해보고 싶은 마음이 들었습니다.",0
"이 과정에서 신뢰가 쌓이고, 결과 역시 자연스럽게 따라온다고 생각합니다.",1
"결과가 나오지 않는 상황에서도 과정을 돌아보고 개선하는 태도를 갖게 되었고, 이후 어떤 목표를 설정하든 단기적인 성과에 흔들리지 않고 꾸준히 준비하는 기준이 되었습니다.",1
"대학교 재학 중 데이터 분석 프로젝트를 수행하며 숫자와 정보가 실제 의사결정에 영향을 미치는 과정을 직접 경험한 이후, 데이터 기반으로 가치를 창출하는 업무에 매력을 느끼게 되었습니다.",1
이러한 관심과 자동차분야에 대한 역량은 연구개발 업무에 적합하다 자신합니다.,0
이러한 환경 속에서 저 역시 창작자와 이용자를 연결하는 역할을 수행하며 의미 있는 성과를 만들어가고자 지원하게 되었습니다.,1
최종적으로 완성도 높은 기획안을 제출하여 우수상을 수상하는 성과를 거둘 수 있었습니다.,1
불만을 내색함으로써 관계가 소원해지는 상황을 싫어하기 때문에 속으로 삭이며 스트레스를 키우기 경향이 있습니다.,0
"[Mission I`m possible]

대학교 밴드 활동을 했을 때의 일입니다.",0
"셋 째, 영어가 부족했습니다.",0
저는 서울보증보험에 입사하여 제가 지금까지 배워왔던 지식과 열정을 펼쳐보이고 싶습니다.,0
이로 인해 의사결정이 다소 늦어질 때도 있었습니다.,1
"앞으로도 성실함과 책임감을 바탕으로 조직에 기여하며, 지속적으로 성장하는 인재로 나아가고자 합니다.",1
"[자료구조론 B+, 운영체제론 B0, 데이터베이스론 A+, 프로그래밍 언어론 A+]

4학년 1학기를 마치고 스스로를 돌아보는 시간을 가졌습니다.",0
소재에 흥미를 느낀 저는 재료과학 과목을 곧바로 이수하였고 CFRP등 여러가지 복합재료가 있고 그 소재의 활용방안이 무궁무진하다는 것을 깨달았습니다.,0
"그 결과, 많은 물건을 판매할 수 있었고, 단골이 되어 저에게 다시 기쁨을 주었습니다.",0
"그 말을 계기로 저는 제 주장보다 팀의 이해와 합의를 우선하는 태도를 배우게 되었고, 이후에는 의견을 정리하고 조율하는 역할을 자처하게 되었습니다.",1
"그러나 장기적으로 스스로 납득할 수 없는 선택을 이어가는 것이 더 큰 위험이라고 판단해, 늦더라도 다시 시작하기로 결심했습니다.",1
하지만 몇 가지 중요한 내용이 빠져있어 설치에 어려움을 겪었습니다.,0
"입사 후에는 이용자 데이터와 트렌드를 기반으로 한 콘텐츠 기획 역량을 강화하여, 이용자 만족도와 플랫폼 경쟁력을 동시에 높이는 인재로 성장하고 싶습니다.",1
저는 삼성물산(건설)은 각종 분야에 모험과도 같은 도전에 참여하여 성공이라는 글자의 달성에 도움이 되고 싶습니다.,0
HD현대는 극한 환경에서도 신뢰성을 유지해야 하는 제품을 통해 산업 현장의 안전과 지속성을 책임져 온 기업이라고 생각합니다.,0
"단순히 차량을 생산하는 것을 넘어, 친환경 모빌리티와 자율주행, 소프트웨어 중심 차량(SDV)으로의 전환을 통해 미래 이동의 방향을 제시하고 있다는 점이 인상 깊었습니다.",1
다행히 워싱턴 주요 기관에서 진행하는 수 자원 안보 컨퍼런스가 열린다는 정보를 얻을 수 있었습니다.,0
아이에스동서 입사 후 국제 비즈니스 매너， 타 문화에 대한 폭 넓은 이해 등 글로벌 역량을 키워 대내외적으로 인정받는 비서가 되겠습니다.,0
"학창시절 워드, 정보처리, 인터넷 검색사, ITO, MOS 4종 분야 MASTER를 취득한 저는 위에서 일을 주시면 처리속도가 빠르고 꼼꼼하다는 인정을 받았습니다.",0
이 문제를 해결하기 위해 먼저 여러 공공기관과 지자체 홈페이지를 직접 조사하며 다양한 데이터를 교차 검증하였습니다.,1
"신입으로서 부족한 점이 많은 만큼, 체계적인 교육과 선배들의 지도 속에서 안정적으로 실무 역량을 키울 수 있는지가 직장 선택의 핵심 기준이었습니다.",1
"회의에서는 제 의견을 바로 제시하기보다 “이 부분에서 가장 불편한 점이 무엇인지”, “현장에서 꼭 지켜져야 하는 조건은 무엇인지”를 질문하며 상대의 말을 끝까지 듣는 데 집중했습니다.",1
"특히 조별 과제나 공모전 준비 과정에서 의견 차이가 발생할 때에는 상대방의 입장을 먼저 경청하고, 합리적인 대안을 제시하며 갈등을 조율하는 역할을 맡아 왔습니다.",1
"현업과의 협업 과정에서 요구사항을 정확히 파악하고, 안정적인 시스템 운영과 개선에 기여하는 것이 초기 목표입니다.",1
항상 성실하고 최선의 노력을 다하면 어느 기업을 가도 성공적인 직장생활을 할 것이라고 생각합니다.,0
이를 위해서 끊임없이 자기계발을 할 것이고 변화하는 시대에 뒤쳐지지 않기 위해 최선을 다 할 것입니다.,0
"당시 날씨가 쌀쌀했음에도 불구하고, 종이부채에 단청물감을 칠하는 체험을 하였습니다.",0
15주 남짓 되는 시간안에 많은 것을 배우지는 못했지만 학습한 내용을 토대로 웹 게시판을 구축하는 프로젝트였습니다.,0
인생에서 가장 노력해 본 경험은 첫 창업 동아리 활동에서의 실패입니다.,1
"또한 이러한 IT 기술을 실제 LG 제품에 적용하여, 사용자들에게 만족과 행복을 주고 싶습니다.",0
또한 저는 혼자 앞서 나가기보다 사람을 연결해 흐름을 만드는 역할에 강점을 가지고 있습니다.,1
"단순히 기능을 개발하는 데 그치지 않고, 사용자가 어떤 흐름에서 불편을 느끼는지 이해하고 이를 개선으로 연결하는 실무를 경험하고자 합니다.",1
제가 제안하고 싶은 아이디어는 **CJ그룹 식품·유통 계열 데이터를 연계한 ‘개인화 식생활 추천 플랫폼’**입니다.,1
대학에 진학한 이후에도 이러한 성향은 더욱 강화되었습니다.,1
두산은 회사명과 TV광고 및 경영전략에서 볼 수 있듯이 사람에 대한 믿음과 성장을 최고의 가치로 여기는 세계 일류 기업입니다.,0
처음에 아무 도와주는 사람 없이 혼자 살 곳을 구하고 일자리를 구하는 것이 쉽지는 않았습니다.,0
"가족 구성원들의 하루 일과와 생활패턴을 분석하여, 집 안에서 소통을 자연스레 유도할 수 있는 아이템을 선정하였습니다.",0
"단순히 수업을 듣는 데서 그치지 않고, 배운 내용을 실제 문제에 적용해 보지 않으면 역량으로 남지 않는다고 생각했기 때문입니다.",1
"현장 작업자, 기획 담당자, 외주 개발자 등 배경과 관점이 서로 다른 구성원들이 함께 일하는 상황이었고, 초반에는 용어 차이와 우선순위 인식 차이로 의견 충돌이 잦았습니다.",1
"둘째로, 학교 프로젝트로 가족 관계를 개선하는 가족 라이프스타일 브랜드를 기획하였습니다.",0
아이에스동서는 국내에서 건설 분야를 개척하는 선두주자입니다.,0
장기적으로는 기술 경쟁력을 통해 삼성전자의 신뢰와 가치를 높이는 데 기여하는 것이 저의 꿈입니다.,1
저의 최고선임인 이성훈 병장은 막내인 저에게 무서운 사람이었지만 친절할 땐 한없이 친절한 선임이었습니다.,0
"하지만 이를 계기로 영어실력이 많이 향상될 수 있었고, 어떠한 경험이든 모두 도움이 된다는 것을 깨달았습니다.",0
"그럴 때마다 저는 ""항상 사람은 실수를 할 수 있고, 제가 확실히 확인해야 마음이 편합니다.""라고 합니다.",0
"먼저 도전과 관련해, 대학 시절 전공 외 영역이었던 데이터 분석을 활용해 학과 프로젝트의 한계를 넘고자 한 경험이 있습니다.",1
"""소통하는 자세로“
저는 어릴 때부터 인맥을 중요시하여 주변에 친구 분들이 많으셨던 아버지의 성격을 닮아 많은 친구들을 사귀고 그들을 통해 다양한 간접 경험을 하였습니다.",0
"개선안을 적용한 이후에도 여러 차례 테스트를 반복하며 안정성을 검증하였고, 예상치 못한 오류가 발생할 때마다 원인을 다시 분석하며 보완 작업을 이어갔습니다.",1
제가 장남으로 자라왔다고 해서 성격이 무뚝뚝 하거나 사교적이지 않다는 것은 아니고 상대방의 의견과 행동을 존중하고 많이 이해하는 편입니다.,0
"하지만 `이미 물은 엎질러졌고, 나조차 하지 못한다면 공연은 끝이다`라는 절박함과 책임감을 갖고 연습에 임했습니다.",0
초기에는 각자의 방식대로 일을 진행해 준비가 지연되는 문제가 발생했습니다.,1
"예를 들어, 기기 간 연동 과정에서 발생하는 작은 지연이나 설정의 복잡함을 경험하며, 기술 완성도는 사소한 사용 경험의 차이에서 결정된다는 점을 체감했습니다.",1
"하지만 목표를 낮추기보다 학습 계획을 세워 매일 일정 시간을 투자했고, 이해되지 않는 부분은 예제와 사례를 직접 정리하며 반복 학습했습니다.",1
결과적으로 프로젝트에서 2등이라는 높은 점수를 얻을 수 있었고 불가능하다던 교수님의 칭찬도 함께 받을 수 있었습니다.,0
"이후 어려운 상황에서도 문제의 본질을 직시하고, 책임 있게 해결하려는 태도를 유지하고 있습니다.",1
"하지만 저는 남들과 같은 원리의 투석기론 경쟁력이 없다 생각해, 우리만의 특별한 투석기를 만들자고 제안했습니다.",0
특히 CFRP의 경우 열 가공전에는 종이 같던 소재가 열 가공 후에는 철판보다 높은 비강도를 가지게 되는것이 아주 흥미로웠습니다.,0
"회의를 통해 각자가 가능한 시간과 맡고 싶은 역할을 공유하도록 했고, 이를 바탕으로 업무를 세분화해 책임 범위를 명확히 했습니다.",1
이 경험을 통해 저는 익숙함에 머무르기보다 새로운 방식을 시도하는 도전이 성과의 수준을 바꾼다는 것을 체감했습니다.,1
이러한 성실함 덕분에 어려운 과목이나 실습 과정에서도 포기하지 않고 끝까지 완주할 수 있었습니다.,1
또한 각자의 강점을 살린 역할 분담으로 업무 효율을 극대화한 점도 성공 요인으로 작용하였습니다.,1
"첫 과제를 통해 인정을 받아야, 보스로부터 새로운 과제-배움의 기회를 얻을 수 있었기 때문입니다.",0
8개월 동안 하루도 빠지지 않고 영어 말하기 연습을 한 결과 전시회에서 통역하고 제가 사는 곳으로 여행을 온 외국인 친구들을 가이드하는 데 전혀 문제가 없는 영어실력을 갖출 수 있었습니다.,0
비서로서 업무를 맡을 때도 이와 같아야 합니다.,0
"[끊임없이 쫓기는 부동의 1위 기업]
 현대 Job Fair를 다녀오면서 문뜩 이런 생각이 들었습니다.",0
경쟁 서비스 분석과 소비자 설문조사를 통해 실제 수요를 반영한 기획안을 완성한 것이 좋은 평가로 이어졌습니다.,1
"단순 나열이 아니라 모집 대상, 일정, 준비 포인트를 기준으로 분류해 정리했고, 이를 통해 조회 수와 참여율을 높일 수 있었습니다.",1
많은 사람들은 저를 보고 멍부라 합니다.,0
"도무지 해결의 실마리가 보이지 않을 것 같았지만, 문제는 과일에 있지 않았습니다.",0
꾸준한 운동과 이성훈 병장의 응원이 저에게 큰 힘이 되었고 그 당시 말로 표현할 수 없는 기분이었습니다.,0
"[저비용 고효율, 화이트 올레드]

저는 LG디스플레이 R&D 패널 설계직무에 입사해 저렴한 비용의 화이트 올레드 소자를 만들고 싶습니다.",0
"이후 핵심 사용자 시나리오를 기준으로 불필요한 기능을 덜어내고, 중요한 흐름에만 집중해 구조를 재정비했습니다.",1
"또한, 글로벌 기업에 맞게 꾸준히 외국어 능력을 키워나가고 있습니다.",0
"체감온도 영하 20도 이상의 극심한 추위와 체력 소모로 인해 갑작스럽게 다리 경련이 계속해서 일어났고, 사전에 준비한 비상식량이 부족해지는 등 위험한 고비가 많이 있었습니다.",0
북경에서 인맥이 넓지 않았기 때문에 우선 그동안 다녔던 어학원을 방문했습니다.,0
"이처럼 저의 성장 과정과 개인 특성은 성실함과 책임감을 바탕으로 형성되었으며, 단점을 지속적으로 보완하며 조직에 긍정적인 영향을 주는 인재로 성장하고자 합니다.",1
"[자체 발광을 위한 노력]

3학년 때, 유기반응메카니즘 과목을 수강하면서 올레드의 발광원리에 대해 배운 적이 있습니다.",0
"이론적으로 완벽한 구조보다 운영과 유지보수가 가능한 설계를 고민했고, 피드백을 반영해 여러 차례 수정하는 경험을 통해 실무 감각을 키웠습니다.",1
항상 배우고자 하는 마음을 견지하며 발전하고 싶습니다.,0
"MySQL, TOMCAT, 서블릿이 모두를 연동시키는 것이 첫 번째 관문이었습니다.",0
"이를 통해 동아리는 주문 처리 속도를 크게 향상시킬 수 있었으며, 운영 효율성 역시 눈에 띄게 개선되었습니다.",1
이러한 환경 속에서 역량을 키우며 성장하고자 항공사를 직장으로 선택하게 되었습니다.,1
"현대엔지니어링은 플랜트, 건축, 인프라 등 다양한 분야에서 축적된 기술력과 글로벌 경쟁력을 바탕으로 지속적인 성장을 이어가고 있는 기업으로, 도전적인 프로젝트를 통해 사회적 가치를 창출하고 있다는 점에서 큰 매력을 느꼈습니다.",1
하지만 결과의 완성도를 높이기 위해서는 문제를 외면할 수 없다고 판단했습니다.,1
고성능 풀컬러 디스플레이의 구현을 위해서는 효율적인 화이트 올레드 소자의 제작이 필수적입니다.,0
제가 만약 입사한다면 중소기업과 서민 등 어려움을 겪고 있는 계층에 대해 지속적으로 보증지원을 강화해나가겠습니다.,0
대학생인 남동생과 함께 화목하고 행복한 가정에서 자랐습니다.,0
"이 경험을 통해 저는 갈등 상황에서 감정을 조절하고, 소통을 통해 해결책을 찾는 것이 중요하다는 것을 배웠습니다.",1
"이러한 방식 덕분에 감정적인 대립이 줄어들고, 문제의 핵심이 ‘재고 정확도’와 ‘작업 시간 단축’이라는 공통 목표로 자연스럽게 모아졌습니다.",1
"어릴 때부터 가족의 건강을 돌보는 일이 일상적인 환경에서 성장하며, 자연스럽게 사람을 돕는 일에 관심을 갖게 되었습니다.",1
"전공 과목에서는 단순 암기에 그치지 않고, 질병의 원인과 간호 중재 과정을 이해 중심으로 학습하며 실제 임상 상황에 적용할 수 있도록 노력하였습니다.",1
"결과적으로 프로젝트는 기한 내 마무리되었고, 팀원들과의 신뢰도 회복할 수 있었습니다.",1
처음 웹툰과 웹소설에 관심을 갖게 된 계기는 대학 시절 통학 시간과 자투리 시간을 활용해 가볍게 작품을 접하면서부터였습니다.,1
이 위기에는 세 가지 어려움이 있었습니다.,0
"이미 분석을 상당 부분 진행한 상황이었기에 방향을 바꾸는 것은 큰 부담이었고, 팀 내에서도 그대로 진행하자는 의견이 많았습니다.",1
"매 수업 후에는 주요 내용을 정리한 노트를 작성하고, 스터디 그룹을 통해 서로 질문하며 부족한 부분을 보완하였습니다.",1
저는 상황을 방관하기보다 남은 팀원들과 역할을 다시 정리하는 데 집중했습니다.,1
"처음에는 정말 편하게 생각했던 사람이었는데, 학생회 일을 하면서 제가 본 그 선배의 모습은 사뭇 달랐습니다.",0
훗날 제가 경력이 쌓이고 전문성을 갖춘다고 하더라도 세상에는 제가 아는 것 보다 모르는 것이 더 많을 것이기 때문입니다.,0
또한 저는 다른 사람에게 항상 겸손하고자 합니다.,0
조를 배치한 후에 업무를 분담하였는데 매달 담당하는 업무들을 순환하여 평균적인 업무량을 맞출 수 있도록 노력했습니다.,0
이러한 과정 속에서 저는 변화에 대한 두려움보다 도전의 가치를 먼저 생각하는 성향을 갖게 되었습니다.,1
저는 우선 항상 스스로에게 부끄럽지 않는 삶을 살고자 합니다.,0
이렇게 어려운 점이 많았음에도 성공적으로 프로젝트를 완수하고 A+를 받을 수 있었던 이유는 제가 즐기면서 했기 때문입니다.,0
다른 사람과 함께 일을 진행한 경험에 대하여 구체적으로 서술하세요.,0
"2013년 가을, 워싱턴에서의 인턴 첫 과제는 ‘무한도전’이었습니다.",0
임금피크제란 정년을 연장하는 대신 임금을 삭감하는 제도라고 일반적으로 알려졌습니다.,0
그 결과 높이에 따라 항상 일정한 에너지를 가지는 위치에너지를 선택하였습니다.,0
타인이 아무리 저를 인정해 주더라도 저 스스로에게 부끄러운 행동을 한다면 빈껍데기만 남은 사람이 될 것입니다.,0
많은 아르바이트를 하며 진로에 대한 탐색을 해보았습니다.,0
"보육교사로 일을 했을 때, 하루 종일 유아들을 케어 하는 업무였는데 이와 마찬가지로 비서로 근무했을 때도 FC가 자신의 업무에 더욱 집중할 수 있도록 도와주는 일을 하며 보람을 느꼈습니다.",0
"먼저, 현 상황을 분석하기 위해 주로 오는 손님의 연령대, 피크타임을 유심히 관찰하기 시작했습니다.",0
"이러한 경험을 바탕으로 입사 후에는 현장과 시스템에 대한 이해를 빠르게 높여, 안전과 서비스 품질 향상에 실질적으로 기여하는 인재로 성장하고자 합니다.",1
또한 팀원들과 역할을 세분화하여 각자 책임감을 가지고 준비에 참여할 수 있도록 조율하였습니다.,1
"저는 재학 중인 금오공과대학교에서 다양한 film 중심의 재료에 관해서 공부하여 이론적 지식 습득에 최선을 다하였고, 우수한 성적으로 인정을 받았습니다.",0
그래서 합성을 가르치던 교수님은 책의 내용뿐만 아니라 실제 공정에서 위와 같은 요소를 고려하지 않아 발생할 수 있는 문제점 및 해결책을 제시해 주셨습니다.,0
"얼마 전 부모님과 집에서 술을 한잔 할 때, 부모님께서는 부모의 역할을 제대로 하지 못해서 미안하다고 하였습니다.",0
이 경험을 통해 도전정신을 얻게 되었습니다.`한번 해보지 뭐`라는 마인드를 갖게 되었습니다.,0
이렇게 도전정신과 열정을 갖고 내부적인 동기를 가지고서 능동적인 자세로 일을 한다면 직무를 효율적으로 수행할 수 있다고 생각합니다.,0
공평하게 일을 하는 것이 합리적이라고 생각되어 담당 조교 선생님의 동의를 얻어 공평하게 일을 하는 방법을 모색했습니다.,0
따라서 단청의 무늬와 색 등의 주요 정보와 함께 프로그램 설명이 담긴 팜플릿을 제작하였습니다.,0
"이 영화를 통해 저는 실력뿐만 아니라 태도와 인성이 함께 성장할 때 진정한 경쟁력이 된다는 점을 깨달았으며, 앞으로도 항상 배우는 자세로 임하는 사람이 되고자 다짐하게 되었습니다.",1
실수를 알아 차렸을 때에는 이미 다른 테이블에 음식이 잘못 나간 후였습니다.,0
이 경험을 통해서 미래에는 내가 정말 좋아하고 가슴이 뛰는 일을 하고 싶다는 생각이 들었습니다.,0
엑셀이 큰 도움이 되었습니다.,0
"또, 이렇게 합성한 물질을 토대로 국내특허 프로세스 처리 및 SCI급 논문 투고도 해 본 경험도 있어 LG디스플레이만의 원천기술확보에 큰 역할을 할 수 있을 것이라 생각합니다.",0
학습한 내용을 토대로 더 좋은 물질들을 개발하여 많은 사람들에게 좀 더 선명한 색깔의 디스플레이를 제공해 주고 싶다는 꿈이 생겼습니다.,0
"최고의 기업이라는 타이틀을 걸기 위해서는 남다른 뭔가를 가지지 않으면 안된다고 생각합니다 축적된 노하우와 우수한 기술력으로 지역사회는 물론 세계적인 우수기업으로 성장하는 기업이라는 이미지가 제가 바라보는 SIMPAC입니다
인천에서 만족하며 재직할 수 있는 몇 안되는 기업중 하나로 SIMPAC이 손꼽히고 있습니다
전 직장도 좋은곳이긴 하지만 교대근무라는 문제점이 가장 크게 다가와서 이직을 결심하게 되었고 인천에서 가장 유망한 기업인 SIMPAC이 눈에 들어왔습니다
다년간의 설비보전 일을 하면서 봉강생산 조업의 흐름에 맞춰서 일을 하기 보다는 공유압과 용접의 특기를 살려서 근무하기 좋은 회사가 이직을 위해서 좋은곳이라는 결심을 하게되었습니다 지금의 성과보다 앞으로는 성장가능성이 높은 기업이기에 저도 성장의 발판을 놓는 기반을 다지는 사람이 되고싶습니다",0
"저와 친구들은 지친 친구를 돌아가면서 부축하였고, 정상을 향해 쉬지 않고 걸어갔습니다.",0
"그 결과, 저희 조는 1위로 선정되었고, 아이디어의 일부는 실제로 반영되기로 결정되었습니다.",0
"반면, 모든 일을 완벽하게 해내고자 하는 성향으로 인해 초반에 고민하는 시간이 길어지는 단점이 있습니다.",1
"대학 시절 취업을 준비하며 공모전, 대외활동, 인턴 정보를 찾는 과정에서 정보가 여러 사이트에 흩어져 있어 비효율적이라는 불편을 직접 경험했고, 이를 체계적으로 제공하는 플랫폼의 가치에 공감하게 되었습니다.",1
"대학 시절 저는 서비스 기획 프로젝트와 데이터 분석 과제를 통해, 사용자의 행동 흐름을 수치와 구조로 해석하는 경험을 쌓아왔습니다.",1
단순히 노력한다고만 해서 제가 원하는 것을 다 이루지는 못하겠지만 한 걸음 한걸음 노력하다보면 처음엔 닿을 수 없을 것 같던 목표도 시간이 지나고 바로 앞에 와있다는 것을 느낄 수 있었습니다.,0
"그 결과, 한정된 예산 안에서도 모든 부스를 원활히 운영할 수 있었고, 축제 역시 성공적으로 마무리될 수 있었습니다.",1
도전의 결과는 쉽지 않았지만 의미 있는 변화였습니다.,1
이후 정제된 데이터를 기반으로 통계 프로그램을 활용해 재분석을 진행하며 결과의 신뢰도를 높이고자 노력하였습니다.,1
"이후에도 새로운 과제를 맡을 때마다 스스로 학습하고 적용하는 습관을 유지하며, 직무 역량을 지속적으로 발전시키고자 노력하고 있습니다.",1
"카카오뱅크는 기존 은행과 같은 금융 기능을 제공하면서도, 기술과 사용자 경험을 중심에 둔 전혀 다른 방식의 은행이라고 생각합니다.",1
"저희는 경쟁사 케리비안베이와 차별화되는 오션월드만의 USP를 찾기 위해, 실제 고객들은 모르고 있는 오션월드 만의 매력을 분석했습니다.",0
"몸이 약하신 조부모님을 병원에 모시고 다니며 간호사분들의 세심한 배려와 책임감 있는 모습을 보며, 환자에게 신뢰와 안정감을 주는 직업에 매력을 느끼게 되었습니다.",1
"송도까지 먼 거리였지만, 주말 출근까지 자초하며 자막, 그래픽 등의 후반 작업으로 계속해서 발전시켰습니다.",0
10년 뒤에는 LG인으로서 그러한 일을 하며 행복하게 살고 있을 것이라고 생각합니다.,0
"반면, 대회 준비 과정에서 온라인 마케팅 공모전에 도전했지만 예선 탈락이라는 실패를 경험한 적도 있습니다.",1
항상 귀 기울여 듣고 기록하며 생각하고 행동하겠습니다.,0
때문에 조직에 잘 스며들고 그 일부로써 적응하는 데 시간이 오래 걸리지 않는 편입니다.,0
저에게 인생에서 의미있는 일은 여러 가지입니다.,0
그러기 위해서는 물론 기업의 안정성과 경영이념도 중요하지만 무엇보다도 가장 중요한 것이 고객의 진정성있는 목소리를 듣고 최고의 서비스로 고객을 모시는 것이 가장 중요하다고 생각합니다.,0
"너무 당황스러웠고, 매니저님께 혼나는 것 또한 두려웠습니다.",0
"하지만, 현재의 저성장 시대와 시장포화 상태에서 기업의 주안점은 보유하고 있는 시장의 관리와 새로운 시장에 대한 안정적인 진입에 관심을 가지고 있습니다.",0
이후 직접 사진 촬영과 카드뉴스 제작을 담당하며 주 3회 정기적으로 게시물을 업로드하였습니다.,1
세 사람이 걸어가면 반드시 그 중에 스승이 있다는 말이 있습니다.,0
"이처럼 저는 학교생활 전반에 책임감 있게 임하며 학업과 활동을 조화롭게 수행해 왔으며, 이러한 경험을 바탕으로 앞으로도 끊임없이 배우고 성장하는 자세를 유지하고자 합니다.",1
유니클로에 지원한 이유는 ‘옷을 통해 사람들의 일상을 바꾼다’는 철학이 가장 일관되게 실현되고 있는 기업이라고 느꼈기 때문입니다.,1
"그 결과, 완성도 높은 보고서를 작성했고 꼭 필요한 명함을 얻을 수 있었습니다.",0
"이러한 환경에서 생산기술 직무는 단순한 설비 관리가 아니라, 신차 양산 과정에서 발생하는 문제를 선제적으로 분석하고 개선해 품질과 생산성을 동시에 끌어올리는 핵심 역할이라고 생각합니다.",1
저는 이 시기 많은 아르바이트를 병행했지만 꾸준한 체력과 스트레스 관리로 지치지 않고 목표를 향해 전진할 수 있었습니다.,0
학창 시절부터 스스로 목표를 세우고 꾸준히 실천하는 습관을 기르며 자기관리 능력을 키워왔습니다.,1
"대학 시절 다양한 프로젝트와 대외활동을 수행하며 문제를 분석하고 해결 방안을 도출하는 과정에 큰 보람을 느꼈고, 이러한 경험을 실무 현장에서 활용하고 싶다는 목표를 갖게 되었습니다.",1
최근 가장 중요하다고 생각하는 사회 이슈는 **생성형 AI의 급속한 확산과 이에 따른 일자리 및 신뢰 구조의 변화**입니다.,1
"또한, 대학 강의 중 CJGLS 비즈니스, 물류컨설팅방법론을 수강하면서 CJ에 대한 꿈을 키웠으며, 역량을 키우고자 물류관리사 자격증을 취득하였습니다.",0
다른 직원들이 애를 먹는 한자들을 막힘없이 읽을 수 있어 월등히 빠른 속도로 업무를 처리했습니다.,0
봉사활동 및 아르바이트 등 사회활동을 통해 인간관계의 중요성을 배우고 성장한 저는 일이 힘들어도 함께하는 사람들과의 관계가 좋으면 그 에너지를 통해 더 큰 일을 이루어낼 수 있다고 생각합니다.,0
"당시 저는 자료 조사와 발표 정리를 담당하였고, 다른 팀원은 기획 방향을 맡고 있었습니다.",1
이러한 저의 문제대응력 덕분에 오전 대비 오후에는 약 300 퍼센트 학생유치를 확보한 성과를 만들어 낼 수 있었습니다.,0
"저는 이 문제가 기술의 문제가 아니라, 제도와 활용 방식의 문제라고 봅니다.",1
"특히 고객 응대부터 운항 관리까지 체계적으로 운영되는 시스템을 보며, 보이지 않는 곳에서 수많은 인력이 하나의 서비스를 완성한다는 점에 큰 매력을 느꼈습니다.",1
"이 경험을 통해 저는 협업의 핵심은 소통과 조율, 그리고 공동의 목표에 대한 책임감이라는 것을 깨달았으며, 앞으로도 팀과 함께 성과를 창출하는 구성원으로 성장하고자 합니다.",1
학창 시절에는 학급 임원과 동아리 활동을 통해 공동체 안에서의 역할과 책임을 배웠습니다.,1
"제가 이해한 라이나생명은 단순히 보험 상품을 제공하는 회사가 아니라, 고객의 삶과 가장 밀접한 위험을 관리하며 ‘지금 필요한 보장’을 합리적으로 제공하는 회사입니다.",1
"먼저, 대학 2학년부터 약 6개월간 종합병원 원무과에서 아르바이트로 근무하며 접수, 수납, 예약 관리 등의 업무를 수행하였습니다.",1
"이때 저는 일방적으로 의견을 설득하기보다, 각 구성원이 중요하게 생각하는 기준을 먼저 정리하는 소통 방식을 택했습니다.",1
"첫째, 상사의 말을 경청하는 비서가 되겠습니다.",0
"당시 실패는 큰 좌절이었지만, 그 원인을 냉정하게 돌아보는 계기가 되었습니다.",1
이러한 성장 배경은 저의 성격 형성에도 큰 영향을 미쳤습니다.,1
이후에는 역할을 명확히 나누고 중간 점검을 강화하면서 갈등이 재발하지 않도록 관리하였습니다.,1
청년들의 불안가을 해소하기 위해 임금피크제의 시행으로 삭감된 중?고령자의 임금 중 몇 %정도 신규 일자리 창출에 사용할 것인지도 회사에서 정하여 널리 알리는 것도 중요하다고 생각합니다.,0
"이후 저는 무작정 지원서를 늘리기보다, 제 강점과 부족한 역량을 객관적으로 정리하는 데 집중했습니다.",1
근무시간이 정해진 것 외에 명확한 업무가 없어서인지， 시간이 지날수록 몇몇 학생만이 근로를 하고 나머지 학생들에게서 성실하지 않은 모습이 많이 보였습니다.,0
위기 상황에서도 냉정을 잃지 않는 자세로 현대자동차의 이미지를 책임지겠습니다.,0
이 경험을 통해 제가 생각하는 성공의 가장 큰 이유는 철저한 사전 준비와 팀원 간의 적극적인 소통이었다고 생각합니다.,1
이 말은 제 인생의 좌우명입니다.,0
학생들이 찾지 않는 부스를 보며 가만히 있다가는 계획했던 목표를 달성하기 힘들 것이라 판단하였습니다.,0
저는 이러한 유니클로의 비즈니스 방식이 현장 중심의 사고와 실행에서 나온다고 생각합니다.,1
그러던 와중에 눈 덮인 설악산의 절경을 보게 되었고 친구들과 함께 설악산 등산에 도전하였습니다.,0
업무속도가 향상된 만큼 업무시간이 줄어들어 나머지 시간을 자기 학습 등을 하며 효율적으로 보낼 수 있게 되었고， 근무분위기 또한 좋아졌습니다.,0
그래서 저는 페트병에 흙을 담아 더러운 물을 만들어 직접 사람들에게 보여주며 도움을 요청하였습니다.,0
이 과정에서 가장 중점을 둔 것은 ‘현실에서 쓰일 수 있는가’였습니다.,1
"단기적인 성과에 집중하기보다 장기적인 경쟁력 확보와 고객 가치 창출을 중시하는 경영 철학은, 꾸준한 성장을 지향하는 저의 가치관과도 잘 부합한다고 생각합니다.",1
높이가 세계 1위라는 것 뿐만 아니라 동원된 기술력도 세계 최고 수준의 기술이 사용되었고 건물을 완공하는데 47개월 밖에 걸리지 않았다는 것에 놀라고 그 도전정신에 매료되었습니다.,0
"21살 당시, 선술집에서 요리를 하던 당시 6개월 동안 단 한번도 지각과 결근을 한 적이 없습니다.",0
당시 매출 감소로 어려움을 겪고 있던 전통시장 내 한 카페를 대상으로 SNS 홍보 전략을 수립하고 실행하는 역할을 맡았습니다.,1
이 경험 이후 저는 어떤 상황에서도 맡은 일에 대해 끝까지 책임지는 것을 가장 중요한 가치로 여기게 되었습니다.,1
또한 주변 사람들의 의견을 존중하며 원활한 협업을 이끌어가는 소통 능력 역시 저의 강점입니다.,1
억울했지만 싸워봤자 해결은 소원할 것 같아 일단 기다리기로 했습니다.,0
보험회사 팀 비서로 일하며 비서 실무와 서비스 업무를 경험하였습니다.,0
삼성물산(건설)은 ENR에서 선전한 세계 21위의 건설회사로 위상을 떨치고 있습니다.,0
월급이 밀리면서도 최선을 다했던 직원들의 노력으로 매출 증대율 20%를 달성하여 위기를 극복할 수 있었습니다.,0
저의 이런 끈기 있는 모습은 두산의 발전에 큰 보탬이 될 것입니다.,0
"저는 책임감과 성실함을 중요하게 여기는 가정환경 속에서 성장하며, 스스로 맡은 일에 끝까지 최선을 다하는 태도를 자연스럽게 익혀왔습니다.",1
대한항공이 최우선 가치로 삼는 안전과 고객 신뢰를 지키는 인재상은 이러한 저의 태도와 잘 부합한다고 생각합니다.,1
"임상 실습은 총 1년간 대학 부속병원과 지역 종합병원에서 진행하였으며, 성인간호학, 기본간호학, 모성간호학, 아동간호학, 정신간호학 실습에 참여하였습니다.",1
"“저는 익숙함에 안주하지 않고, 끊임없이 스스로를 확장해 나가는 사람입니다.”

어릴 때부터 저는 새로운 환경과 변화에 비교적 빠르게 적응하며 성장해 왔습니다.",1
이러한 역량은 삼성전자 제품과 서비스를 사용하며 더욱 구체화되었습니다.,1
"첫째로, 건설 회사 인턴 당시 미래 사업팀에서 '홈서비스 플랫폼'을 기획하였습니다.",0
"건설사 미래사업팀에서 신사업기획 당시, 수많은 raw data를 수집한 후, insight를 도출해야 했습니다.",0
자신이 가진 취미와 특기에 대하여 상세하게 서술하세요.,0
"이와 같은 개인 맞춤형 추천과 정보 제공 시스템을 통해 이베이코리아는 고객의 탐색 부담을 줄이고 신뢰도를 높이며, 장기적인 고객 충성도를 강화할 수 있을 것이라 생각합니다.",1
첫 과제는 타 기관의 수 자원 안보 프로젝트와 전문가 연락처를 정리해오는 것이었습니다.,0
"특히 HD현대가 추진하는 친환경 선박, 스마트 조선소, 에너지 전환 전략은 단순한 트렌드 대응이 아니라, 현장의 실행 가능성을 전제로 한 변화라는 점에서 인상 깊었습니다.",1
든든한 업무파트너인 비서로 더 크게 성장하고자 아이에스동서에 지원하게 되었습니다.,0
"책임감과 성실함을 바탕으로 회사와 함께 성장하며, 대한민국을 대표하는 항공사의 일원으로서 자부심을 가지고 업무에 임하겠습니다.",1
이를 바탕으로 기존의 홍보 형태를 새롭게 바꿔보기로 결정했습니다.,0
홍보는 결국 기업의 ‘차별화’된 이미지를 전달하는 것이기 때문에 자사와 경쟁사의 USP가 무엇인지 알아내야 합니다.,0
팀워크를 발휘해 공동 목표 달성에 기여한 경험은 대학 연합 봉사 동아리에서 프로젝트를 운영했던 사례입니다.,1
"임금피크제와 같은 제도적인 부분은 처음부터 완벽할 수도 있겠지만, 어느 곳에서 문제점이 발견될지는 모른다고 생각합니다.",0
"특히 카카오페이지와 카카오웹툰을 중심으로 로맨스 판타지와 현대 판타지 장르를 꾸준히 탐독하며, 인기 작품의 흥행 요인과 독자층 특성을 자연스럽게 이해하게 되었습니다.",1
"다음으로 협업과 관련해서는, 다양한 전공의 팀원들과 함께한 캡스톤 프로젝트 경험을 들 수 있습니다.",1
이처럼 저는 적극적인 행동을 통해 타인과 소통하고자 했습니다.,0
그러던 중 대학에 입학하여 1학년 때 학생회 집행부원으로 활동하면서 그 당시 학생회장이었던 선배를 따라 많은 일을 하고 대화도 많이 나눴습니다.,0
"또한 결과를 보고서로 정리하여 블로그에 공유하고, 교수님과 선배들에게 피드백을 받으며 내용을 보완하였습니다.",1
"이후에는 중환자 간호 분야에 대한 전문성을 키워, 위급한 상황에서도 환자의 안전을 책임질 수 있는 간호사로 성장하고 싶습니다.",1
여러 코팅회사를 돌아다녔지만 PP의 녹는점이 매우 낮아 코팅이 불가능하다는 결론이 나왔습니다.,0
LCD와 달리 자체 발광하는 유기 분자를 이용하기 때문에 더 얇고 선명한 디스플레이를 실현할 수 있다는 것에 흥미를 느끼게 되었습니다.,0
"석사 2기 때, 2014 IMID 기기 전시회에서 LG 디스플레이에 대해 알게 되었습니다.",0
"[함께하는 기업, 금호타이어]

제가 금호타이어를 선택하게 된 이유는, 금호타이어라는 회사가 CSR, 즉 기업의 사회적 책임을 잘 수행하고 있는 기업이라고 생각했기 때문입니다.",0
학창 시절부터 스스로 목표를 설정하고 계획적으로 실천하는 습관을 들이며 자기관리 능력을 키워왔습니다.,1
공연을 앞두고 휴학을 한 친구로 인해 제 팀의 드럼파트가 공석이 되고 말았습니다.,0
"대표적인 사례로 언급되는 것이 SK와 롯데그룹이 북한의 도발로 인해 전군 경계태세가 강화되었을 때, 전역을 미룬 장병들을 우선 채용하고 홍보한 사례가 있습니다.",0
"수십 차례 시행착오를 겪으며 실패의 실패를 거듭했고, 작은 폭발사고도 두 번이나 겪었습니다.",0
"처음에는 결과가 기대에 미치지 못하는 경우가 많았지만, 왜 원하는 결과가 나오지 않았는지를 정리하고 관련 자료를 다시 찾아보며 보완하는 과정을 반복했습니다.",1
문장 스크랩복사공유1.,0
"당시 저는 콘텐츠 기획을 담당하였으나, 트렌드 분석과 타깃 설정이 충분하지 않은 상태에서 아이디어를 구체화하지 못한 채 진행하였습니다.",1
"웹툰, 웹소설, 음악, 영상 등 다양한 IP를 기반으로 글로벌 시장까지 확장해 나가는 카카오엔터테인먼트의 성장 과정은, 콘텐츠 산업의 미래를 선도하는 대표적인 사례라고 생각합니다.",1
하지만 잘못된 상황을 빨리 알리고 상황을 수습해야겠다는 생각이 들었습니다.,0
"그러나 프로젝트의 방향성과 자료 활용 방식에 대한 의견이 계속 엇갈리면서 회의 분위기가 점점 경직되고, 개인적으로도 큰 스트레스를 느끼게 되었습니다.",1
"실제로 각 과목을 수강할 때는 학업 외의 다른 일이 더욱 재밌어서 학업을 좀 소홀히 했기에 학점자체는 부족해보일 수도 있습니다만, 현재에는 학부적 수준의 해당 과목 이론 지식에 대하여 자신있습니다.",0
삼성그룹도 2016년 삼성전자를 시작으로 2017년까지 단계적으로 도입할 예정이라고 알고 있습니다.,0
"또한, 현재 존재하는 서비스 플랫폼 1,097개를 조사, 분류하여 공략 가능한 시장 등을 현실적으로 파악하였습니다.",0
부모님 도움없이， 등록금 마련과 교환학생을 가기 위해 진행한 개인 프로젝트입니다.,0
"이를 통해 단순한 기능 구현을 넘어, 실제 사용자의 불편을 해결하는 솔루션이 진정한 경쟁력이 된다는 것을 깨달았습니다.",1
불완전한 정보 속에서도 선택을 미루지 않고 방향을 제시해야 조직이 앞으로 나아갈 수 있습니다.,1
저는 우연히 TV를 보던 중 삼성물산에서 부르즈 칼리파의 시공과정을 보게 되었습니다.,0
"[세계4위 해적의 나라,USP를 분석하다.] 

홍보 직무를 성공적으로 수행하기 위해서는 분석력이 필요합니다.",0
"포기하지 않고 끝까지 노력한 결과, 낙오자 없이 모든 인원이 설악산 정상에 설 수 있었습니다.",0
"이후 어떤 과제를 맡더라도 쉽게 포기하지 않고, 더 나은 방법을 찾으려는 태도를 갖게 된 계기가 되었습니다.",1
"갈등이 지속될수록 팀 성과에도 부정적인 영향을 미친다고 판단하여, 감정적으로 대응하기보다 문제의 원인을 먼저 정리해 보기로 했습니다.",1
"후배들에게는 학업과 학교생활에 대한 조언을 아끼지 않았고, 선배들로부터는 진로와 실무에 대한 조언을 얻으며 서로 긍정적인 영향을 주고받았습니다.",1
"제가 지원분야를 선택한 이유는 다양한 기업과 채용 정보를 연결하는 플랫폼을 통해, 정보 접근성의 격차를 줄이는 역할에 매력을 느꼈기 때문입니다.",1
성실함은 사람들에게 신뢰와 믿음을 주는 기본적인 자질이라 생각합니다.,0
특히 아시아나항공을 중심으로 한 글로벌 네트워크와 안전·서비스 중심의 경영 철학은 신뢰받는 기업으로 성장해 온 원동력이라고 생각합니다.,1
이러한 경험을 통해 저는 배려와 소통을 바탕으로 한 건강한 인간관계를 유지하는 사람으로 성장할 수 있었습니다.,1
이러한 장점으로 학교홍보대사 활동 중 부스 방문객을 3배로 끌어 올린 경험이 있습니다.,0
"(300자 이내)

저는 글을 쓰는 것과 여행하는 것을 좋아합니다.",0
"대학 시절 아르바이트와 대외활동을 병행하며 다양한 연령과 직업의 사람들을 만났는데, 유니클로의 제품은 누구에게나 무리 없이 선택되고, 상황에 맞게 활용되는 공통점이 있었습니다.",1
휴대폰 알람과 연동하여 서로의 하루의 시작이 언제인지 파악할 수 있는 가족 시계와 둘 이상이 함께할 때 더 따뜻하고 아늑한 분위기를 내는 식탁을 제작했습니다.,0
'현대자동차는 끊임없이 쫓기는 부동의 1위 기업이구나'.,0
"이 경험을 통해 저는 도전적인 목표는 단순한 의욕이 아니라, 끝까지 버티며 개선하는 태도에서 완성된다는 것을 배웠습니다.",1
더 나은 현대자동차 홍보를 하기 위해 언제나 관찰하는 자세로 일 하겠습니다.,0
그리고 저는 1년에 한 개씩 자격증은 꼭 따자는 목표를 가지고 있고 현재 보유하고 있는 자격증이 8개입니다.,0
그리고 HR 직무에서 일하면 다양한 사람들과 소통을 하게 되는 경우가 많을 것입니다.,0
"결국, 매니저님께 정중히 설명해 드림으로써 두 분의 관계를 회복시킬 수 있었습니다.",0
카카오뱅크의 서비스는 작은 UX 차이가 곧 신뢰와 직결된다고 생각합니다.,1
간호사로서 전문성을 갖추기 위해 재학 중 학업과 실습에 성실히 임하며 꾸준히 역량을 강화해 왔습니다.,1
이러한 책임감은 어떤 환경에서도 안정적으로 역할을 수행할 수 있는 원동력이라고 생각합니다.,1
"부모님을 도우면서 보람을 느꼈고, 고객과 직접적인 교류를 통해 감동을 주는 유통, 영업 직무에 관심을 가지게 되었습니다.",0
저는 일을 할 때 단기적인 성과보다 원인을 파악하고 구조적으로 개선하는 과정에 의미를 둡니다.,1
"또한 전공 스터디 그룹을 기획하여 주 1회 정기 모임을 운영하며, 서로 질문하고 토론하는 학습 문화를 형성하는 데 기여하였습니다.",1
"이후 논의된 내용을 간단한 정리 문서로 공유해, 서로의 입장을 동일한 정보 기준에서 확인할 수 있도록 했습니다.",1
"둘째, 정보 분석 능력입니다.",0
"또한 편의점에서 재정 및 운영관리, 홀 서비스 아르바이트를 하며 타인을 먼저 생각하는 배려심, 사교성을 배웠습니다.",0
"고객의 신뢰를 지키는 보험사의 본질적인 역할을 실무에서 구현하며, 라이나생명이 지향하는 고객 중심 가치를 지속적으로 강화하는 데 기여하고자 지원하게 되었습니다.",1
"그러나 독일, 일본과 같은 외국 특허들로 인해 재료비용 역시 높아졌습니다.",0
이러한 환경에서 개인 역시 끊임없이 성장하지 않으면 안 된다는 점이 제 성향과 잘 맞는다고 느꼈습니다.,1
"CJ제일제당의 식품 구매 이력, CJ올리브영의 건강·라이프스타일 소비 데이터, CJ대한통운의 배송 데이터를 IT로 연결해 고객의 생활 패턴에 맞춘 식단과 상품을 추천하는 서비스입니다.",1
또한 친구들과 함께 어울리고 그들이 저를 좋게 생각해 주는 것에 치중한 나머지 저는 그들에게 마냥 가볍고 편한 사람이 되어 있었습니다.,0
"이후에는 어떤 과제를 수행하든 사전 분석과 명확한 목표 설정을 우선시하고, 중간 점검을 통해 방향성을 지속적으로 관리하는 습관을 갖게 되었습니다.",1
지금 성장과정 중 경험을 통해 삼성물산(건설)에서 제 인생의 Section 2를 시작하고 싶습니다.,0
"<공유경제>

100세시대를 살아가는데 있어서 공유경제는 꼭 실현되야 합니다.",0
하지만 매니저님께서 '불만을 표현하는 일은 주변에 최소한의 공감을 구하는 동시에 타인이 아닌 자신과의 소통에 더 큰 의미가 있다'고 말씀하셨습니다.,0
일본어와 영어를 유창하게 소화할 수 있어서 시민회관에서 운영하는 한국어 외국인 강사로도 초청되어 다양한 외국인들에게 한국어를 가르쳐 주었습니다.,0
"특히 여러 부서가 함께 사용하는 시스템일수록 안정성과 확장성이 중요하다고 생각하며, 이러한 기준을 만족시키는 업무를 수행하는 것이 목표입니다.",1
또한 친절하고 효과적인 전화응대를 배우면서 현실 비서업무에 조금 더 다가가는 계기를 마련할 수 있었습니다.,0
"MySQL쿼리를 공부할 때도, 서블릿이 무엇인지 하나하나 따져가면서 JDBC와 비교하고 코드한줄 짜는게 어려웠지만 재밌었습니다.",0
"입사 후에는 사용자 관점에서 서비스를 바라보며, 작은 불편이라도 개선으로 연결할 수 있는 역할을 수행하고 싶습니다.",1
"단순한 소비자의 입장을 넘어, 어떻게 하면 더 많은 이용자가 콘텐츠를 편리하게 즐기고 창작자 역시 안정적으로 성장할 수 있을지 고민하게 되었습니다.",1
"예를 들면, 실시간 관심 코너의 분류에 ‘20대 여성’이 있다면 제 관심사와 비슷할 확률이 높고, 쇼핑할 때 유용한 정보가 될 것입니다.",0
"기술, 경제, 사회 등 여러 가지 이슈에 관심을 가지고 거시적인 안목을 키우겠습니다.",0
지원분야에 대한 자신의 준비사항 및 구체적인 노력 내용과 이를 통해 확보된 역량을 기술해 주십시오.,0
"이 경험을 통해 저는 주어진 환경에 의존하기보다 스스로 성장 기회를 만들어 나가는 자세의 중요성을 깨달았으며, 이후에도 새로운 분야에 지속적으로 도전하고 있습니다.",1
"그 결과 한 달 만에 SNS 팔로워 수가 약 2배 증가하였고, 실제 방문 고객도 눈에 띄게 늘어 매출 회복에 기여할 수 있었습니다.",1
"모의 시뮬레이션 수업과 실습 전 사전 학습을 철저히 준비하여, 현장에서 당황하지 않고 침착하게 대응할 수 있도록 연습하였습니다.",1
수집한 데이터를 바탕으로 관심 카테고리의 베스트 딜을 선정하여 5개 정도의 정보만 매일 메일로 보내준다면 소비자를 위한 맞춤 서비스가 가능 할 것 이라는 생각을 했습니다.,0
"HD현대에서 저는 현장에서 발생하는 품질 문제를 데이터와 시험 결과를 기반으로 분석하고, 재발을 방지하는 역할을 수행하고 싶습니다.",0
이를 개선하여 성별과 연령대가 분류된 실시간 관심 상품 조회가 가능하다면 훨씬 유용한 정보가 될 것입니다.,0
"세상에 있는 모든 서비스를 제공한다는 생각으로, 타겟 층별 라이프스타일과 니즈를 분석하였습니다.",0
중?고령의 전문지식이나 노하우는 상당하나 건설업의 특성상 고령자의 활용에 소극적인 자세를 취할 수도 있습니다.,0
"반면, 단점으로는 모든 일을 완벽하게 해내고자 하는 성향으로 인해 초반에 고민하는 시간이 길어지는 경향이 있습니다.",1
FTA를 통해 저가격으로 맞서는 수입차와 경쟁할 프로모션을 진행하는 일은 반드시 해보고 싶은 업무입니다.,0
홍보인은 좋지 않은 기사에도 당황 하지 않고 침착히 대처 할 줄 알아야 하기 때문입니다.,0
주방 보조가 그만둔 상황에서 빨리 보조를 찾고 싶었던 주방장님은 다른 방식으로 불만을 토로하고 있었습니다.,0
이러한 목표를 달성하기 위해서 초심을 잃지 않고 최선을 다하는 열정을 보여드리도록 하겠습니다.,0
"이러한 경험을 통해 성공과 실패 모두 성장의 자산이라는 점을 깨달았으며, 앞으로도 경험을 토대로 더욱 성숙한 인재로 발전해 나가고자 합니다.",1
"카카오엔터테인먼트에서 콘텐츠에 대한 진심 어린 애정과 분석력을 실무로 연결해, 플랫폼의 가치를 높이는 크루로 성장하고자 합니다.",1
제가 생각하는 직장의 의미는 자기자신에 대한 믿음이 있고 나의 꿈을 이루는 곳이라고 생각합니다.,0
"특히 CJ제일제당이 K-푸드와 바이오 분야에서 글로벌 경쟁력을 키워가는 과정은, 한 개인이 배울 수 있는 성장의 폭이 매우 넓은 환경이라고 느꼈습니다.",1
그럼으로써 이제는 그 아이들은 저의 또 다른 가족이라고 할 수 있을만큼 친해졌습니다.,0
휴학동안 목표는 단 하나 전산학 기초 네 과목의 이론을 확실히 정립하는 것이었습니다.,0
"이 두 경험을 통해 저는 도전은 개인의 성장을 이끌고, 협업은 조직의 성과를 완성한다는 것을 배웠습니다.",1
"단순한 상품 판매를 넘어 고객의 일상 속 ‘식생활 경험’을 관리하는 서비스로 확장해, CJ그룹의 데이터 기반 경쟁력을 강화할 수 있다고 생각합니다.",1
판매자 입장에서도 자신의 상품이 적합한 고객에게 노출되어 전환율 상승 효과를 기대할 수 있습니다.,1
"하루에도 수많은 환자와 보호자를 응대하며, 정확한 안내와 친절한 태도의 중요성을 몸소 느낄 수 있었습니다.",1
"그 결과 참여율이 이전보다 크게 향상되었고, 많은 학우들로부터 실질적인 도움이 되었다는 긍정적인 피드백을 받을 수 있었습니다.",1
이후 팀원들과 함께 브레인스토밍-아이디어 선정 및 발표-재료 선정 및 구매-Prototype제작-포스터 및 최종보고서 작성-최종 발표를 진행하면서 어려운 점이 많았습니다.,0
"각 실습은 평균 4주씩 진행되었으며, 병동과 외래, 특수부서를 순환하며 다양한 환자 사례를 경험하였습니다.",1
"특히 친환경·스마트 건설 기술을 적극적으로 도입하며 미래 건설 산업을 선도하고자 하는 비전에 깊이 공감하였고, 이러한 환경 속에서 저의 역량을 발전시키고 싶다는 목표로 지원하게 되었습니다.",1
"또한 현대자동차는 아이오닉, 넥쏘 등 친환경 차량을 통해 지속 가능한 미래를 실현하려는 방향성을 분명히 보여주고 있습니다.",1
보는 것만 계속 보다 보니 그 안의 틀에 갇힌 것 같다는 생각을 했습니다.,0
"먼저 분석 주제를 선정한 후 관련 논문과 사례를 조사하며 방향성을 설정하였고, Python과 엑셀을 활용해 데이터 정제 및 시각화 과정을 독학으로 학습하였습니다.",1
대학 재학 중 가장 열정적으로 참여했던 활동은 간호학과 학생회 학술부 활동입니다.,1
"동아리 신입회원 모집에 성공과 실패를 겪는 이유를 궁리해 본 이후, 이러한 생각을 갖게 되었습니다.",0
"자신이 책임지고 진행하여 일을 할 때는 카리스마를 발휘하여 구성원을 이끌기도 하고, 학생회를 주제로 이야기를 나눌 때는 그만의 굳은 모토를 가지고 있었습니다.",0
장기적으로는 후배 간호사를 지도할 수 있는 신뢰받는 선배 간호사가 되어 조직 발전에 기여하는 것이 저의 목표입니다.,1
자동차에 대한 관심으로 시작한 하이브리드 자동차 프로젝트 경험을 통해 급격히 성장하는 친환경차 부품분야에서 LG이노텍과 함께하고 싶습니다.,0
"이러한 최고의 종합건설회사인 아이에스동서기 보다 큰 발전을 이룰 수 있도록 이바지하면서, 아이에스동서의 길에 함께 하고 싶습니다.",0
"이 경험을 통해 저는 조직의 발전을 위해 개인의 노력이 모일 때 큰 성과로 이어진다는 것을 깨달았으며, 앞으로도 소속된 조직에 책임감과 주인의식을 가지고 기여하는 인재로 성장하고자 합니다.",1
청취한 의견 등으로 특별채무감면 성과를 분석해 서민들이 원하는 지원프로그램을 도입하고 서울보증보험의 비전인 ‘고객과 함께 성장하는 Best 신용파트너’에 맞춰 국가와 국민 기업 등 고객의 성공적인 경제활동을 지원하는데 저의 노력을 보태겠습니다.,0
"하지만 양심의 가책도 느꼈고, 단돈 몇 푼 때문에 이렇게 정직하지 않은 사람이 될 것인가 하고 부끄러워지기도 했습니다.",0
이러한 경험들은 저를 더욱 유연하고 성장 지향적인 사람으로 만들어 주었습니다.,1
"경험해보지 못한 것에 대한 두려움이 많았지만 철저하게 준비를 하고, 팀워크를 발휘하여 협동한다면 원하는 결과, 좋은 결과를 얻을 수 있다는 것을 깨달았습니다.",0
"장기적으로는 축적된 품질 경험을 바탕으로 핵심 부품의 신뢰성을 선제적으로 검증할 수 있는 엔지니어로 성장하여, HD현대 제품이 세계 시장에서 신뢰받는 기반을 만드는 데 기여하는 것이 제 꿈입니다.",0
"전공과 역할이 달라 의견 충돌이 잦았지만, 저는 회의 때마다 각자의 관점을 정리해 공통 목표와 연결하는 역할을 맡았습니다.",1
또한 동료들과 적극적으로 의견을 공유하며 보다 효율적인 방향을 선택하고자 노력하고 있습니다.,1
든든한 업무파트너인 비서로 더 크게 성장하고자 아이에스동서에 지원하게 되었습니다.,0
"또한 금호아시아나그룹은 인재 육성과 장기적인 성장 기반 마련에 지속적으로 투자하며, 구성원의 역량 강화를 중요하게 여기는 기업 문화로 잘 알려져 있습니다.",1
"코오롱글로벌 인턴 당시, 후반부에 영상팀으로 차출되었습니다.",0
저는 글을 쓰는 것과 여행하는 것을 좋아합니다.,0
"앞으로도 초심을 잃지 않고 전문성과 인성을 갖춘 간호사로 성장하며, 환자에게 신뢰받는 의료인이 되고자 합니다.",1
일을 무턱대고 진행하는 것이 아닌 일의 우선순위를 고려하여 좋은 효율과 성과를 낼 수 있는 방법을 찾아 추진력 있게 진행합니다.,0
"등산화, 아이젠 등 필요한 품목을 미리 준비하여 사용해 보았고 등산, 하산 코스를 지도를 보면서 미리 파악하였습니다.",0
그러한 서울의 조형적 특징을 디자인에 적용하여 브랜드 COMTSEOUL을 개발하였습니다.,0
"이후 저는 문제를 피하기보다 감당 가능한 역할부터 맡아 해결해 나가는 태도를 갖추게 되었고, 이는 제 성장의 중요한 기반이 되었습니다.",1
"[타인에게는 겸손하게 자기 자신에게 부끄럽지 않게]

저의 생활신조입니다.",0
"그 때마다 소통의 리더가 되려는 노력을 했고, 소통은 말할 때보다 들을 때 더 잘 이뤄진다는 것을 배웠습니다.",0
"실습을 통해 환자의 작은 변화에도 주의를 기울이고, 공감과 소통이 치료 과정에 큰 영향을 미친다는 점을 직접 경험하였습니다.",1
그동안의 기획과정을 참고하겠습니다.,0
비서로서 제가 모시는 분보다 더 일찍 출근해 그 날의 업무를 정리해 보고한 후， 바쁜 일정을 소화하는 회장님과 동행하며 일해야 하기 때문입니다.,0
"단청과 관련된 영상을 통해 단청에 대한 기본 지식은 갖추고 시작하였지만, 프로그램에 대한 설명이 없어 무엇을 해야 하는지 파악이 안되었습니다.",0
일례로 지난 50년간의 한문 자료를 정리하는 업무를 맡았습니다.,0
혼자서 책과 인터넷에만 의존하여 수행하다보니 어려운 점이 많았지만 스스로 최대한 생각해내고 많은 걸림돌을 해결해가다보니 어느 정도의 결과물을 만들 수 있었습니다.,0
"이런 근성과 열정, 재능을 두산 인프라코어의 이름을 걸고 전 세계에 무한히 펼치는 인재가 되고 싶습니다.",0
"대학 졸업 직후 목표로 삼았던 분야에 지원했지만, 여러 차례 서류와 면접에서 탈락하며 스스로에 대한 의문과 좌절을 크게 느꼈습니다.",1
"대학 시절 진로 탐색 과정에서 다양한 정보와 기회가 있음에도 불구하고, 이를 체계적으로 접하지 못해 시행착오를 겪은 경험이 있었습니다.",1
"사무보조 및 팀 내 재정관리, 업무 스케줄 등을 관리하였습니다.",0
"둘째, 결단력은 책임을 지는 리더십의 핵심이라고 생각합니다.",1
업무속도가 향상된 만큼 업무시간이 줄어들어 나머지 시간을 자기 학습 등을 하며 효율적으로 보낼 수 있게 되었고， 근무분위기 또한 좋아졌습니다.,0
"결국, 회사의 자금순환이 어려워졌고 1달간 사업을 중단하는 사태로 이어졌습니다.",0
"이 경험을 통해 저는 새로운 분야에 대한 두려움보다 도전의 가치를 먼저 생각하게 되었으며, 목표를 설정하고 꾸준히 몰입한다면 충분히 성장할 수 있다는 자신감을 얻게 되었습니다.",1
그리고 지금의 실력에 안주하지 않고 지금도 지하철을 탈 때마다 혼자서 말하기 연습을 하고 있습니다.,0
"팀 프로젝트와 공모전에서 데이터를 기반으로 문제를 정의하고, 사용자 관점에서 개선안을 도출하는 역할을 맡았습니다.",1
그런 부모님이 가끔 미울 적도 있었지만 지금의 와서 느껴지는 것은 모든 충고가 나의 꿈을 이루기 위하여 하셨던 방침이라는 것을 깨닫고 너무 감사하였습니다.,0
어린 시절 학급반장을 항상 맡으며 적극성에대한 모습을 기를 수 있었습니다.,0
"저는 이러한 상황을 해결하기 위해 직접 인근 상가를 방문하며 협찬을 요청하고, 필요한 물품 목록을 정리해 예산을 효율적으로 배분하는 방안을 제안하였습니다.",1
"이용할 수 있는 동력원이 무엇이 있는지 분석하고, 그중 가장 정확성 높게, 그리고 쉽게 에너지를 조절할 방법을 고려하였습니다.",0
"신뢰가 깨진 팀에서는 소통이 줄어들고, 협업은 형식적으로 변하게 됩니다.",1
"전자부품 뜯기를 좋아하던 어린시절엔 과학자가 전부인줄 알았습니다
고졸까지는 PC하드웨어쪽 전공을 살려보려고 해봤지만 적성이 아닌것을 알고 용접 자격증의 특기를 살려서 제강소 공무일을 하면서 설비보전과 예비품 보수를 하면서 설비의 기본적인 개념이 어떤부분이 중요한지 파악하는데 많은 도움이 되었습니다
내가 파는 제품이 우리회사의 얼굴이며 설비를 아낄줄 알아야 품질에 자신감이 생긴다는 개념을 다년간 TPM활동을 하면서 느꼈습니다",0
"HD현대에서 이루고 싶은 꿈은 **현장을 가장 잘 이해하는 실무형 인재로 성장해, 기술 경쟁력을 높이는 데 기여하는 것**입니다.",1
또한 체계적인 교육 시스템과 선배들의 노하우를 통해 전문성을 지속적으로 강화할 수 있다는 점도 지원 동기의 중요한 이유입니다.,1
"이를 보완하기 위해 업무의 우선순위를 명확히 정하고, 중요도에 따라 기준을 설정하여 일정 수준에 도달하면 과감하게 실행하는 연습을 하고 있습니다.",1
"그래서 무언가가 잘되지 않을 때에도 감정적으로 반응하기보다, 상황을 나누고 원인을 하나씩 정리하는 데 익숙합니다.",1
저도 이처럼 ‘누가 시키기 전에 필요한 일들을 미리미리 해놓는 센스’를 가진 사람입니다.,0
이로 인해 저는 한 달 동안 학원까지 다니면서 연습을 하게 되었습니다.,0
그 결과 공연 곡들만큼은 연주할 수 있는 수준에 도달하게 되어 다행히 성공적으로 정기 공연을 마무리 지을 수 있었습니다.,0
더하여 모교 축제에서는 처음으로 게임대회가 메인 이벤트가 되도록 학교 축제를 구성하여 성공적으로 이끈적도 있습니다.,0
"대학원에 입학한 후로는 학술대회에 참가하여 논문을 발표 하고 연구실 프로젝트와 관련한 데모를 구현함으로써, 이론으로만 알고 있던 지식을 다른 분야에 접목하고 활용할 수 있는 능력을 기를 수 있었습니다.",0
"평소 친하게 지낸 선생님들과 이사님께 비빔밥 시식과 가격을 설명해 드렸고, 길거리 음식을 찾던 학생들에게 한국의 건강식을 먹도록 권했습니다.",0
"저의 열정과 소통을 모토로 하는 마음가짐, 또한 책임감과 신뢰를 주는 모습을 가지고 두산 중공업의 앞으로의 발전에 이바지 하겠습니다.",0
"이러한 ‘디깅’ 경험을 바탕으로 이용자의 취향과 흐름을 빠르게 파악하고, 더 많은 사람들이 콘텐츠를 즐길 수 있도록 돕는 역할을 수행하고 싶습니다.",1
"이 경험이 저에게 꾸준함과 성취감, 남에게 인정받을 때의 기쁨을 깨닫게 해 주는 계기가 되었고, 학교로 돌아왔을 때 하고자 하는 일을 열심히 하는 원동력이 되었습니다.",0
"이러한 역량은 ‘같지만 다른 은행’인 카카오뱅크에서, 사용자 중심의 차별화를 지속적으로 만들어 가는 데 기여할 수 있는 요소라고 생각합니다.",1
"또한 온라인 개발자 커뮤니티와 통계 포럼에 질문을 올려 다양한 사례를 참고하였고, 이를 바탕으로 데이터 형식을 통일하는 전처리 코드를 직접 작성하였습니다.",1
"시대의 트렌드를 적극 수용하고, 열린 마인드로 교류하는 블로그를 3년 넘게 운영 중입니다.",0
"또한 보험업 전반에서 K-ICS(지급여력) 규제 환경이 더 까다로워지는 흐름(기본자본 K-ICS 도입 논의 등)은, 손해율이 흔들릴 때 자본의 ‘양’뿐 아니라 ‘질’까지 관리해야 하는 부담을 키울 수 있습니다",1
저는 아이에스동서 입사 후 이러한 역량을 바탕으로 저에게 주어진 일을 책임감 있게 처리하겠습니다.,0
제 이러한 경험들은 유관부서 및 내방객과의 소통이 중시되는 비서직을 수행해 나가는 데 큰 도움이 될 것이라 확신합니다.,0
"당시 동아리에서는 소규모 푸드트럭 운영을 돕기 위한 주문 관리 프로그램을 제작하고 있었는데, 주문 데이터가 일정 수 이상 쌓이면 프로그램이 자주 멈추는 문제가 발생하였습니다.",1
저는 근무를 하면서 매니저님과 주방장님 간의 사이가 좋지 않은 점을 발견하였습니다.,0
"저는 팀원들을 설득해 데이터를 전면 재검토했고, 부족한 부분은 다른 공개 데이터와 직접 수집한 자료로 보완하는 방안을 제안했습니다.",1
"“저는 낯선 환경에서도 스스로 길을 만들어 성장하는 사람입니다.”

어릴 때부터 저는 주어진 환경에 의존하기보다 스스로 해결 방법을 찾으며 성장해 왔습니다.",1
어느 상황에서든 주어진 일에 책임감을 가지고 성공적 결과를 위해 노력합니다.,0
"저는 성실함과 책임감을 중요하게 여기는 가정환경 속에서 성장하며, 맡은 일에 최선을 다하는 태도를 자연스럽게 익혀왔습니다.",1
동시에 교육과 재훈련을 통해 개인이 변화에 적응할 수 있는 기회를 제공해야 사회적 갈등을 줄일 수 있습니다.,1
"이 과정에서 현장 조건과 안전 요소를 함께 고려하며 개선안을 제시해, 교수와 팀원들로부터 실현 가능성이 높다는 평가를 받았습니다.",1
"[소통하는 인재가 되자]

저는 HR 전문가가 되기 위해 노력하겠습니다.",0
사람들이 실제로 느끼는 서울의 이미지를 파악하는 것도 중요했습니다.,0
"프로젝트는 계획한 일정 내 성공적으로 마무리되었고, 이후 활동에서도 해당 운영 방식이 팀의 기본 구조로 자리 잡았습니다.",1
"변화에 SK를 대입하고, SK에 변화를 대입하며 SK의 신사업 방향을 구상하도록 하겠습니다.",0
공고가 나고 같은 학부친구들 세 명과 함께 지원하게 되었고 팀장을 맡았습니다.,0
"그때 LG OLED TV의 대면적과 선명한 색깔에 매료되었고 LG디스플레이 입사를 목표하고, 입사를 위해 대학원에 진학하여 올레드용 물질 합성, 논문 공부 등을 통해 실력을 키웠습니다.",0
"그 친구는 반수에 실패하여 다시 돌아왔지만, 그때의 이야기를 꺼내며 감동받았다고 이야기하곤 합니다.",0
"의복, 음식, 주거 등의 여러 요소 중, 수도 '서울'을 택하였습니다.",0
"이후 저는 어떤 환경에서도 사람을 중심에 두고 소통하며, 조직에 기여하는 방향으로 스스로를 성장시키고자 노력하고 있습니다.",1
또한 처음으로 마켓에 등록도 해보고 제 스마트 폰으로 직접 다운받아 플레이해보니 신기하기도 하고 특별한 경험이었다고 생각합니다.,0
또한 아이디어를 ‘창의성·실현 가능성·효과성’ 기준으로 평가하는 표를 만들어 객관적인 판단 기준을 제시하였습니다.,1
"일부 팀원은 창의성을 중시한 반면, 다른 팀원은 현실성과 데이터 기반 분석을 강조하면서 방향성에 대한 갈등이 발생하였습니다.",1
"이 경험을 바탕으로 저는 사용자 입장에서 불편을 발견하고, 이를 데이터와 논리로 설명해 개선으로 연결하는 데 강점이 있다고 생각합니다.",1
"이 영화는 세대와 경험의 차이를 넘어 서로를 이해하고 존중하는 태도의 중요성을 보여주며, 저에게 큰 울림을 주었습니다.",1
"활력징후 측정, 투약 보조, 간호 기록 작성 등 기본 업무를 정확하게 수행하는 데 집중하였으며, 담당 간호사의 지도 아래 환자 상태 변화 관찰과 간호 계획 수립에도 참여하였습니다.",1
"입사 5년 후에는 식자재 유통영업의 실무자로서 SNS, 빅 데이터 검색 등을 이용하여 고객들의 요구와 시장을 철저하게 분석하고, CJ프레시웨이만의 장점을 극대화하겠습니다.",0
이 프로젝트를 통해 어렵게 생각했던 일도 목표를 세우고 도전정신을 가지면 해낼 수 있다는 것을 몸으로 느낄 수 있었습니다.,0
최근 유행하는 겉핥기식 인문학 공부보다는 사안의 핵심을 좇으며 논리적 허점을 발견해내는 실용적인 기자적 특성을 기를 수 있었습니다.,0
"이후 웹툰·웹소설 플랫폼을 꾸준히 이용하며, 작품 추천 시스템과 사용자 인터페이스, 이벤트 운영 방식 등에 관심을 갖고 분석하는 습관을 기르게 되었습니다.",1
"그때야 각자 연습할 때는 모르던 문제점들이 보여 해결할 수 있었고, 마침내 일취월장한 실력으로 연주회를 끝내 가장 많은 박수갈채를 받을 수 있었습니다.",0
저는 쇼핑할 때 주로 여성의류나 여성신발과 관련된 상품들을 보곤 합니다.,0
그래서 홀로 호주로 떠나게 되었습니다.,0
그래서 한달 정도의 시간을 투자하여 작은 게임 앱을 만든 경험이 있습니다.,0
제가 가진 영어실력과 외국인들에게 열린 마음은 외국계 기업인 ㈜보쉬전장에서 일하는데 큰 이바지를 할 것 입니다,0
또한 어려운 상황에서도 긍정적인 자세로 문제를 해결해 나가는 모습은 어떤 환경에서도 성장할 수 있다는 자신감을 심어주었습니다.,1
이 경험을 통해 저는 안전과 신뢰는 철저한 준비와 책임 있는 행동에서 비롯된다는 것을 배웠습니다.,1
"나아가 글로벌 시장에서도 경쟁력을 갖춘 제품 개발과 서비스 개선에 기여하며, 블루버드의 지속적인 성장과 브랜드 가치 향상에 이바지하는 핵심 인재로 성장하겠습니다.",1
"또한 고객의 요구가, 기존의 수익성 위주에서 안정성으로 변화하고 있는 상황에서 기업의 이미지는 고객의 선택에 중요한 기준이 되고 있습니다.",0
그때마다 포기하기보다는 부족한 원인을 하나씩 정리하고 개선하는 데 집중했습니다.,1
그러나 지식이 아닌 역량은 누구보다 뛰어나다고 확신합니다.,0
"대학 시절 공공데이터 분석 공모전에 참가했을 때, 프로젝트 중반 핵심 데이터의 신뢰도가 낮다는 문제를 발견한 적이 있습니다.",1
학부시절 컴퓨터공학과 경제학을 전공하며 다양한 방식으로 데이터를 처리하는 방법을 배웠습니다.,0
"반면, 완벽을 추구하는 성향으로 인해 초기 단계에서 고민하는 시간이 길어지는 단점이 있습니다.",1
"이 경험을 통해 저는 역경이란 포기해야 할 이유가 아니라, 더 나은 선택을 하기 위한 신호일 수 있다는 것을 배웠습니다.",1
저는 고분자 합성을 통하여 일반적인 고분자 공정을 배워 기본적인 전공지식을 습득 하였습니다.,0
확실한 정보 분석의 기초인 엑셀 활용 능력을 최대로 키우겠습니다.,0
"사회환원의 의무를 다 하고 있는 현대자동차의 브랜드 가치를 알리는 것은 기업 뿐만 아니라, 사회에도 공헌하는 것이라 믿습니다.",0
"그 결과, 서울은 타 도시에 비해 여러 가지 색을 지니며 활기차고 유연하다는 의견으로 좁힐 수 있었습니다.",0
이후에도 어려운 과제에 직면할 때마다 포기하지 않고 스스로 답을 찾는 자세로 임하고 있습니다.,1
"[고객의 관심분야 정보 수집을 통한 맞춤상품 5개 추천]
G9을 이용하며, 제가 관심을 가질만한 분야의 상품에 대한 알림을 받고 싶다는 생각을 하였습니다.",0
"저도 G9의 상품들처럼, 집중력을 발휘할 때, 누구보다 최고의 효율을 자랑하는 사람입니다.",0
공강 시간에 홍보실에 찾아가 입학상담 전화 받기 및 사무를 보조하는 것이 주 업무였습니다.,0
고객에게 만족을 주는 품질은 긍정적 브랜드 이미지로 이어질 것입니다.,0
구성원 내에서 협력과 소통이 긴밀히 이루어졌다면 손실을 줄일 수 있었을 것입니다.,0
이러한 경험은 복잡한 문제를 다루는 자동차 산업의 직무 수행에 중요한 역량이라고 생각합니다.,1
"또한 지속적인 기재 현대화와 친환경 항공기 도입, 디지털 전환 추진 등을 통해 미래 항공 산업을 선도하고 있다는 점에서 큰 신뢰를 느꼈습니다.",1
"초기에는 실무를 통해 업무 구조와 사용자 흐름을 빠르게 이해하고, 이후에는 축적된 경험을 바탕으로 서비스 품질과 운영 효율을 높이는 데 기여하고 싶습니다.",1
학창시절 ′ 교환학생 프로젝트′를 성공적으로 수행하였습니다.,0
이러한점에 있어서 카드는 단순히 얼마를 할인해주고 어디서 혜택을 주는지를 알려줍니다.,0
그에 따라 2016년까지 정년연장에 대한 대책으로 공공기관 및 기업의 임금피크제 도입이 최근 가장 중요한 사회이슈입니다.,0
"저는 팀의 흐름을 정리할 필요가 있다고 판단해, 먼저 구성원들의 상황과 강점을 파악하는 데 집중했습니다.",1
"이러한 태도를 바탕으로 팀원들과 신뢰를 쌓을 수 있었고, 이후에도 지속적으로 교류하는 관계로 발전할 수 있었습니다.",1
대학 시절 팀 프로젝트와 공모전 활동을 수행하며 일정이 촉박한 상황에서도 끝까지 집중력을 유지해 안정적인 결과를 만들어낸 경험이 많습니다.,1
저는 강한 체력이 비서에게 필수라고 생각합니다.,0
"부모님께서는 항상 결과보다 과정의 중요성을 강조하셨고, 이를 통해 저는 어떤 일이든 꾸준히 노력하며 완성도를 높이려는 자세를 갖추게 되었습니다.",1
최근 물류 스타트업에서 단기 프로젝트로 재고 관리 프로세스를 개선한 경험이 있습니다.,1
"[NO.1, CJ프레시웨이]

“CJ프레시웨이, 고객 종합만족도 10년 연속 1위” 10년 후, 신문 1면에 실릴 기사 내용을 상상한 것입니다.",0
학원에 다니면서 열심히 연습한다고 해도 한 달이라는 기간은 너무 짧다고 생각했습니다.,0
"제가 정한 네 과목은 자료구조론, 운영체제론, 데이터베이스론, 프로그래밍 언어론이었습니다.",0
임기 내내 1학년 때 선배에게 배웠던 대로 제 자신의 부족한 부분들을 채워 나가기 시작했습니다.,0
"당시 저는 결과 중심으로만 움직이는 편이었고, 개인의 성과가 곧 팀의 성과라고 생각했습니다.",1
저의 가장 큰 장점은 책임감과 끈기입니다.,1
"예컨대 생산/품질 직무라면 완성차의 완성도와 고객 만족으로 직결되며, R&D 직무라면 제품의 기술 경쟁력을 높이는 데 기여할 수 있습니다.",1
비서로 일하며 팀원들이 지시하지 않아도 먼저 일을 찾아 처리하던 저는 입사 후 매사 적극적이고 센스 있는 일처리로 신임을 얻겠습니다.,0
2시간 정도의 체험시간이 지루하지 않게 간단한 다과와 공방 느낌에 어울리는 전통 음악을 준비하였습니다.,0
"당시 저는 해당 분야에 대한 경험이 거의 없었지만, 단순 참여가 아니라 의미 있는 결과를 내고 싶다는 목표를 세웠습니다.",1
"저는 산업 현장에서 품질의 중요성을 일찍이 깨닫고, 기계공학과 학생으로서 전공과목뿐 아니라 산업공학과의 과목도 병행하며 품질관리에 있어 필수적인 통계적 지식과 공정관련 지식들을 습득하였습니다.",0
그리고 2학년이 되어 전자전기공학부 학생회장을 하게 되었습니다.,0
북경에서 비빔밥 프로모션을 담당했을 때 단기간의 실적보다 회사의 존망을 위해 뛰어야 했습니다.,0
"결국 생성형 AI는 위기이자 기회이며, 이를 어떻게 받아들이고 설계하느냐에 따라 사회의 신뢰 구조와 경쟁력이 달라질 것이라고 생각합니다.",1
그 결과 주변 사람들로부터 책임감 있는 사람이라는 평가를 받을 수 있었습니다.,1
특히 과제나 프로젝트가 끝난 뒤에도 개선 가능했던 부분을 정리해 다시 구현해 보는 방식으로 학습을 이어갔습니다.,1
먼저 살 곳을 정하고 일자리를 구하기 위해 발로 뛰어가며 이력서를 돌렸습니다.,0
"금호아시아나그룹은 항공, 건설, 물류, 관광 등 다양한 산업 분야에서 국가 기간산업을 이끌어 온 대표적인 기업으로, 고객의 이동과 생활 전반에 가치를 제공해 왔다는 점에서 큰 매력을 느꼈습니다.",1
"고도의 집중력을 발휘하여 2개월 만에 언어를 익히고, 개발까지 완료할 수 있었습니다.",0
"CJ대한통운은 제가 바라보고 함께 하고자 하는 기업으로 고객의 가치를 최우선으로 생각하며, 고객에게 사랑받는 세계 선두 물류기업으로 나아가고 있습니다.",0
이 경험을 통해 고객 만족은 작은 배려와 꾸준한 개선 노력에서 비롯된다는 것을 깨달았습니다.,1
이렇게 개선된 프로그램으로 실제 관광객들을 만족시켰습니다.,0
"입사 후에도 이러한 경험을 살려 목표한 일에 대한 도전정신, 책임감을 가지고 임하겠습니다.",0
"AI를 막거나 늦추는 것이 아니라, 인간의 판단과 책임이 반드시 필요한 영역을 명확히 구분하고, AI를 보조 수단으로 활용하는 방향이 중요하다고 생각합니다.",1
"특히 연재 초반 독자 반응이 저조했던 작품이 설정 보완과 전개 변화로 인기를 끌게 되는 과정을 지켜보며, 콘텐츠 기획과 운영의 중요성을 실감하였습니다.",1
"저는 어떤 역할을 맡든 결과에 대한 책임을 끝까지 지는 태도가 조직의 신뢰를 만든다고 믿고 있으며, 이러한 가치관은 제 경험을 통해 더욱 확고해졌습니다.",1
대학 시절 팀 프로젝트에서 결과물의 완성도가 기대에 미치지 못한다는 피드백을 받은 적이 있습니다.,1
또한 주변 구성원들의 의견을 적극적으로 수용하며 보다 효율적인 방향으로 업무를 추진하고자 노력하고 있습니다.,1
"비록 최전방 수색대는 아니었지만, 체력이 중요한 군대에 비해 저의 체력은 수준 미달이었습니다.",0
"[신뢰의 다른 이름, 정직함]

음식점에서 음식값을 내고 거스름돈을 받아야 할 액수보다 더 많이 돌려받은 일이 있습니다.",0
작은 부분까지 신경 쓰다 보니 효율성이 떨어질 때도 있었습니다.,1
아이에스동서 입사 후 국제 비즈니스 매너， 타 문화에 대한 폭 넓은 이해 등 글로벌 역량을 키워 대내외적으로 인정받는 비서가 되겠습니다.,0
"그와 1년간 일하며 깨달은 바는, 편하고 재미있는 모습으로 많은 사람들의 사랑을 받는 것도 중요하지만 내 사람들이 나를 믿고 따를 수 있도록 책임감 있는 모습, 신뢰할 수 있는 모습을 보여야겠다는 것이었습니다.",0
"그렇게 벌은 돈은, 일부는 용돈으로 쓰고, 나머지는 부모님에게 드렸습니다.",0
"평일에는 강의를 수강하며 이론을 정리하고, 주말에는 공공데이터를 활용한 미니 프로젝트를 직접 진행하며 실습 중심으로 공부하였습니다.",1
"이를 위해서는 자신의 역할을 명확히 인식하고, 필요한 정보를 투명하게 공유하는 태도가 중요합니다.",1
얼마만큼 고객을 만족시키고 우리 매장을 언제든지 재방문 하고 싶도록 만드는 것이 가장 중요한 핵심요소라고 생각합니다.,0
실제로 눈에 보이는 결과물을 만들어야 했습니다.,0
저는 식품은 단순한 소비재가 아니라 사람의 삶의 질과 직결된 산업이라고 생각합니다.,1
"공부만 하였더라면 지금의 사회경험, 많은 아르바이트로 채우고 배운 역량을 알 수 없었기 때문입니다.",0
"당시 책임 구역 내 동선 관리와 장비 점검을 맡았는데, 일부 참가자가 몰리며 혼잡이 발생할 가능성이 있었습니다.",1
"서로 다른 학교와 전공의 구성원들이 모여 활동하다 보니, 일정 조율과 역할 분담 과정에서 의견 차이가 잦았습니다.",1
"단순한 결과 도출에 그치지 않고, 왜 이런 문제가 발생했는지 구조적으로 정리하는 과정에 집중하며 분석 역량을 키웠습니다.",1
"뿐만 아니라, 여기에서 한 발짝 더 나아가 국내에서도 기부를 통해 '핑크 리본 캠페인'을 진행하고 있다는 것도 알게 되었습니다.",0
효율적으로 근무할 수 있게 만든 이 작업을 통하여 한 아이디어가 조직의 업무생산능력을 증진할 수 있다는 것을 배웠고， 근무자 모두를 만족하게 할 수 있다는 자신감을 얻었습니다.,0
"입사 초기에는 기본 업무와 조직 문화를 빠르게 습득하며 실무 역량을 탄탄히 다지고, 선배들의 조언과 교육 과정을 통해 업무 이해도를 지속적으로 높이고자 합니다.",1
"과거 성장위주의 시대에서, 기업의 중요 화두는 경쟁사와의 우위점유를 통해 공격적인 시장 점유, 매출 및 순이익 증감에 주안점을 두었습니다.",0
사소해 보이는 약속과 기본적인 태도가 신뢰를 만든다고 믿기 때문입니다.,1
‘개선’은 언제나 관찰하고 분석하는 탐정의 자세로부터 나온다는 것을 배웠습니다.,0
"[성공은 실패를 거듭한 결과이다.]

저는 생산관리 분야에 지원했습니다.",0
가장 감명 깊게 본 영화는 「인턴(The Intern)」입니다.,1
"이해가 어려운 부분은 관련 자료를 찾아보거나 온라인 커뮤니티를 통해 질문하며 해결해 나갔고, 학습 내용을 블로그에 정리하며 스스로 점검하는 습관도 함께 만들었습니다.",1
동아리 내부에서도 체계적인 운영 방식이 정착되며 신규 회원의 이탈률이 감소하는 성과를 거둘 수 있었습니다.,1
이러한 기업 문화는 끊임없이 배우고 발전하고자 하는 저의 가치관과 잘 부합한다고 생각합니다.,1
"공모전 준비 과정에서는 자료 조사와 기획 업무를 맡아 실질적인 성과를 창출하였고, 동아리 활동을 통해 선후배 및 동기들과의 협업 경험을 쌓으며 원활한 대인관계 능력을 기를 수 있었습니다.",1
"제가 사용할 수 있는 것은 인형탈과 전단지 밖에 없었지만, 정확한 상황 분석을 통해, 최소의 자원으로 최대의 효과를 낼 수 있었습니다.",0
"단순히 이익창출을 목표로 했을 때에는 성장에 한계가 있지만, 사회구성원들과의 동행을 목표로 한다면 더 큰 가치를 창출해 낼 수 있다고 생각해왔던 제 생각과 잘 맞는 기업이라는 생각이 들었습니다.",0
저는 서울보증보험에 입사하여 고객에게 격이 다른 서비스로 만족을 드리겠습니다 보증보험사와 같이 인적서비스에 비중이 큰 기업의 최고 가치는 고객이라고 할 수 있습니다.,0
"특히 코로나19로 인해 비대면 수업이 확대되면서 학습 집중도가 떨어지는 문제가 발생하였는데, 이를 해결하기 위해 온라인 학습 플랫폼을 활용한 실시간 스터디와 녹화 강의 요약 자료를 도입하였습니다.",1
"완벽하지 않더라도 시도하고, 돌아보고, 다시 개선하는 과정을 통해 성장해 왔다고 생각합니다.",1
"이러한 변화의 중심에서 생산기술 직무를 수행하며, 새로운 기술과 공정이 안정적으로 양산에 안착하도록 기여하는 것이 저의 목표입니다.",1
특히 조별 과제나 실습 준비 과정에서 일정 관리와 자료 정리를 맡아 팀의 신뢰를 얻은 경험이 많습니다.,1
"저는 이 과정에서 데이터 기반으로 문제의 원인을 파악하고, 현장과 긴밀히 소통하며 최적의 공정 조건을 도출하는 역할을 수행하고 싶습니다.",1
또한 정기 회의에서 수업 사례를 공유하는 시간을 제안하여 멘토 간 노하우 교류가 활성화될 수 있도록 기여하였습니다.,1
"남은 시간은 일주일뿐이었지만, 기획부터 다시 하기로 했습니다.",0
"제가 생각하는 고객이란 단순히 상품이나 서비스를 구매하는 대상이 아니라, 기업의 가치를 신뢰하고 선택해 주는 동반자라고 생각합니다.",1
"이 말이 저의 철없던 행동들을 되돌아보게 되었고 남들이 생각하기에 너무 소심하다고 볼 수 있겠지만, 제 처신으로 인해 상대방이 어떻게 생각하는지 먼저 생각해 볼 수 있는 마음가짐인 배려심을 가지게 되었을 뿐만 아니라 가장 합리적이고 이상적인 선택을 할 수 있는 계기가 되었습니다.",0
"그 결과, 조원 모두 A학점 이상의 좋은 성적을 받을 수 있었습니다.",0
구매 금액에 대해 최대 효율을 발휘해야 한다는 생각이 강하였습니다.,0
세계 최초로 희토류 금속을 쓰지 않는 차량 듀얼클러치 변속기용 모터를 개발하는 등 LG이노텍은 그룹차원에서 자동차 부품사업에 적극 참여해 점차 확장하고 있습니다.,0
"고객감동은 직원감동부터]

고객분들이 기업에 감동하여 상품을 구매하도록 하려면 우선 직원들이 회사에 감동하고 동기 부여되어 일하는 것부터 시작한다고 생각합니다.",0
이러한 문제의식은 엔진과 기계 부품의 품질을 책임지는 HD현대의 역할과 잘 맞닿아 있다고 생각합니다.,0
"현대자동차에서 저는 주어진 공정을 그대로 유지하는 역할이 아니라, 끊임없이 개선점을 고민하고 실행하는 엔지니어로 성장하고 싶습니다.",1
왜냐하면 일단 고분자라는 물질이 있어야 분석을 하고 성질을 파악 할 수 있기 때문입니다.,0
대학에 진학한 이후에는 전공 학습과 다양한 대외활동을 병행하며 실무 역량과 문제 해결 능력을 강화하였습니다.,1
"앞으로도 책임감과 성실함을 바탕으로 단점을 지속적으로 보완하며, 조직에 신뢰를 주는 인재로 성장해 나가겠습니다.",1
"이 서비스는 IT 기술(머신러닝 추천 알고리즘, 통합 고객 데이터 플랫폼)을 활용해 고객의 건강과 소비를 동시에 지원하며, CJ그룹의 다양한 비즈니스 포트폴리오를 하나의 사용자 경험으로 연결하는 통합 솔루션이 될 수 있습니다.",1
"또한, 설상가상으로 친구들 중 한 명이 많이 지쳐서 제대로 걷지를 못하면서 인원 전체가 걷는 속도가 떨어졌고, 이로 인해 예상보다 시간이 훨씬 지체되기도 하였습니다.",0
이러한 성장 과정을 통해 저는 주어진 환경에 안주하지 않고 끊임없이 배우며 발전하는 사람으로 성장하였습니다.,1
"입사 후에는 맡은 업무에 대한 책임감과 성실함을 바탕으로 조직에 빠르게 적응하고, 장기적으로는 각 계열사의 경쟁력 강화에 기여하는 핵심 인재로 성장하고자 합니다.",1
"[건강한 밥상]

외갓집에 가면 언제나 신선한 채소가 식탁에 올라왔습니다.",0
첫 번째 이유로는 ‘가격 대비 최고의 성능’입니다.,0
"그 결과 팀 내 소통이 원활해졌고, 프로젝트는 일정 내 완성되어 실제 시연까지 성공적으로 마칠 수 있었습니다.",1
이러한 역할을 성공적으로 수행할 수 있다고 확신하는 배경은 제 강점인 커뮤니케이션 능력입니다.,0
"특히 팀 내 의견 충돌이 잦았던 프로젝트에서, 한 팀원이 “방향은 맞지만 과정이 힘들다”고 솔직하게 이야기한 순간이 기억에 남습니다.",1
"금호타이어는 '금호아시아나그룹 이해관계자들의 삶의 질 향상'이라는 모토 아래, 기업의 이익뿐만이 아니라 사회 구성원들과의 동행을 목표로 하고 있습니다.",0
대학교 4학년 때 졸업 프로젝트로 지역 교통 혼잡 문제를 분석하고 개선 방안을 제시하는 과제를 수행한 경험이 가장 해결하기 어려웠던 도전이었습니다.,1
"누가 시키지도 않았지만 설치하며 겪었던 상황들을 문서에 추가로 작성 하여, 센스있게 일을 잘 한다는 칭찬을 들었습니다.",0
"당시 축제 예산이 한정되어 있어 부스 운영에 필요한 물품을 충분히 구매하기 어려운 상황이었고, 일부 팀원들은 준비 과정에 소극적인 태도를 보이고 있었습니다.",1
이를 통해 다양한 성향의 사람들과 의사소통하는 법을 배우고 동영상 편집과 글을 쓰는 능력을 길렀습니다.,0
"저는 작업 순서를 도식화해 병렬로 진행 가능한 공정을 분리했고, 그 결과 전체 사이클 타임을 단축할 수 있었습니다.",1
그리고 생계형 채무자를 대상으로 특별채무감면을 하고 감면혜택을 받은 사람들을 초청해 그들의 의견을 청취하는 등의 피드백을 공유하겠습니다.,0
원인을 알 수 없어 프로젝트 진행이 여러 차례 중단되는 상황이었습니다.,1
"그뿐만 아니라 한 번도 계산을 틀리지 않고, 회비를 관리하였습니다.",0
"나아가 친환경 및 스마트 건설 분야에서 경쟁력을 갖춘 전문가로 발전하여, 현대엔지니어링의 지속적인 성장과 글로벌 경쟁력 강화에 기여하는 인재가 되겠습니다.",1
"초기 단계에서는 각자의 의견이 달라 기획 방향을 통일하는 데 어려움을 겪었고, 역할 분담 역시 명확하지 않아 업무 진행 속도가 더뎠습니다.",1
"깜빡하는 습관

어릴 적 별명은 ‘깜빡이’ 이었습니다.",0
가장 어려웠던 점은 아이디어의 구현과정에서 두 개의 센서 및 전자회로구성과 프로그래밍 과정이 불가피 하게 된 점이었습니다.,0
그러면서 그동안 겪어보지 못했던 새로운 문화를 경험하고 배우면서 한층 더 성숙된 저의 모습을 볼 수 있었습니다.,0
"이후 어떤 업무를 맡든 사전 계획과 중간 점검을 철저히 하며, 문제가 발생했을 때는 빠르게 대응하는 자세를 유지하고 있습니다.",1
"이러한 신조를 바탕으로 언제 어디서든 책임감 있는 자세로 임하며, 조직에 긍정적인 영향을 주는 인재로 성장해 나가고자 합니다.",1
"기획 단계에서 주제 선정과 독자 분석을 진행하고, 제작 이후에는 조회 수와 반응을 분석하여 다음 콘텐츠에 반영하는 과정을 반복하며, 이용자의 반응을 기반으로 서비스를 개선하는 일에 큰 흥미를 느끼게 되었습니다.",1
대학 시절 IT 서비스 기획 프로젝트와 데이터 분석 활동을 수행하며 사용자 중심의 시스템 설계와 운영 효율 개선에 큰 보람을 느꼈습니다.,1
연구부서와 생산부서 간의 의사소통 결여로 인해 납품 해야 할 모델이 아닌 전혀 엉뚱한 제품을 생산했던 적도 있습니다.,0
제 성장 과정에서 현재의 저에게 가장 큰 영향을 준 사건은 대학 시절 참여했던 대외활동 팀 프로젝트 경험입니다.,1
"1인 체제가 아닌 5~6명 정도가 팀을 이루어 공연 준비를 하는데, 처음 알게 된 팀원도 있을뿐더러 한 번도 같이 호흡하지 않은 사람들과 연습을 하는 것이 매우 힘들었습니다.",0
"단순한 시스템 구축을 넘어 유통·물류·콘텐츠·식품 등 CJ그룹 전반의 비즈니스를 디지털로 연결하며, 실제 현장에서 가치를 만들어 내는 점이 인상 깊었습니다.",1
한번 만드는 인턴 영상을 대충 끝내고 싶지 않았습니다.,0
이 경험은 제게 어려운 상황일수록 누군가의 책임 있는 선택이 팀을 지탱한다는 것을 깨닫게 해주었습니다.,1
"저는 SPEC은 끄고 저만의 STORY와 매력, 자신감을 밝히는 현대자동차의 당당한 신입사원이 되겠습니다.",0
"제가 인생에서 해본 가장 큰 도전은 안정적인 진로로 여겨지던 전공 선택을 뒤로하고, 전혀 경험이 없던 분야에 다시 도전한 결정이었습니다.",1
"이러한 점을 개선하기 위해 우선순위를 명확히 정하고, 일정 수준 이상의 완성도에 도달하면 빠르게 실행에 옮기는 연습을 지속하고 있습니다.",1
먼저 정보의 분석력을 갖추기 위해서는 이론적 지식과 이해가 바탕이 되어야 주어진 정보를 활용할 수 있고 분석할 수 있다고 생각합니다.,0
반면 혼자 일을 진행할 때 다소 급진적이고 충동적인 경향이 있습니다.,0
한가지 직무에 머물며 과거의 성공에 집착하기보다는 회사가 필요한 업무를 수행하며 변화를 이끄는 인재가 되겠습니다.,0
찾는 것이 우선이라 아저씨께 일주일 정도 찾아보고 없으면 배상을 요구했습니다.,0
저의 첫 팀 작업 경험으로 커뮤니케이션의 중요성과 시너지 효과를 알게 해 준 경험이었습니다.,0
"[끊임없는 관찰, 자식이기는 부모 없더라.] 

홍보 업무를 하기 위해서는 관찰력이 필요합니다.",0
대학 시절 실습 과목에서 자동화 공정의 사이클 타임이 비효율적으로 길어지는 문제가 발생한 적이 있습니다.,1
"서울에 사는 사람들, 타 지역 사람들, 그리고 외국인까지 200명 이상에게 서울의 이미지와 관련된 설문조사를 진행하였고, 6명에게 심층인터뷰를 진행했습니다.",0
보험회사 팀 비서로 일하며 비서 실무와 서비스 업무를 경험하였습니다.,0
1년동안 세부적인 계획을 세워 공부하였습니다.,0
"그러므로 임금피크제에 대해 장기적인 시점에서 수정, 보완하여 기업과 근로자 모두 만족할 수 있는 결과를 만들어야 할 것입니다.",0
"[세 가지 필수 역량을 갖춘 인재]
첫째, 트렌드를 읽는 능력입니다.",0
또한 주변의 의견을 존중하며 원활한 협업을 이끌어내는 소통 능력도 강점으로 발전시켜 왔습니다.,1
팀 분위기도 빠르게 위축되며 프로젝트 자체가 무산될 가능성까지 제기되었습니다.,1
저는 이베이코리아 플랫폼 내에서 판매되는 ‘멀티포트 USB 허브’와 같은 사람이라고 생각합니다.,1
"입사 후에는 맡은 업무에 대한 책임감과 성실함을 바탕으로 빠르게 조직에 적응하고, 실무 역량을 지속적으로 강화하여 팀과 회사의 성과 창출에 기여하는 인재로 성장하고자 지원하게 되었습니다.",1
"이후 관련 자료를 찾아보며 서버 자원 관리 방식과 데이터 처리 구조를 학습하였고, 주문 데이터를 분산 처리하는 구조로 시스템을 개선하는 방안을 직접 설계하였습니다.",1
"셋째, 아이디어 구체화 능력입니다.",0
"그리고 친환경 자동차가 미래임을 느껴, 관심을 가지고 체계적으로 공부해왔습니다.",0
"특히 성인간호학, 기본간호학, 약리학 등 핵심 과목에서는 사례 중심 학습을 병행하며 환자 상태에 따른 간호 판단 능력을 키웠습니다.",1
"하지만 겨울까진 기다리라는 말 뿐, 오히려 접수증 발급이나 접수 내용을 입력하지 않아서 세탁물을 받은 증거가 없으니 안 받았다고 하면 된다는 것이었습니다.",0
제가 지원한 직무와 관련된 전문지식은 **데이터 기반 문제 분석과 서비스 품질 개선 경험**입니다.,1
"그중 링커리어는 대학생과 취업 준비생의 관점에서 필요한 정보를 한곳에 모아 제공한다는 점에서 인상 깊었고, 이러한 서비스를 만드는 과정에 참여하고 싶다는 목표로 지원분야를 선택하게 되었습니다.",1
안되는 이유는 버리고 고정관념을 떨쳐 변화를 주도해 나가는 저의 열정DNA가 현대자동차의 목소리에 뜨겁게 반응했습니다.,0
"그 결과 분석 결과의 일관성과 설득력이 크게 높아졌고, 최종 발표에서 문제 인식과 개선 과정을 높이 평가받아 장려상을 수상할 수 있었습니다.",1
"이 경험을 통해 저는 어려운 문제에 직면했을 때 포기하기보다 다양한 방법을 시도하며 해결책을 찾는 끈기와 문제 해결력을 기를 수 있었으며, 어떤 상황에서도 책임감을 가지고 끝까지 완수하는 자세의 중요성을 깨닫게 되었습니다.",1
"앞으로도 항상 고객의 입장에서 생각하며, 신뢰를 바탕으로 한 서비스를 제공하는 인재로 성장하고자 합니다.",1
기존의 영상들을 이어붙여 스토리를 전달하는 데에는 한계가 있었습니다.,0
무엇보다 누가 가르쳐 준 것이 없어도 능동적이고 주도적인 과정을 통해서 스스로 아웃풋을 만들었다는 점이 중요하다고 생각합니다.,0
먼저 ‘책임감’은 맡은 일에 끝까지 최선을 다하는 저의 가장 큰 강점입니다.,1
"홍보 직무를 수행하기 위해서는 분석력, 관찰력, 침착성이 필요하다고 생각합니다.",0
힘든 상황 속에서 모두가 합심하여 정상에 올랐다는 기쁨과 해냈다는 성취감을 느낄 수 있었습니다.,0
"다양한 상황 속에서도 침착하게 판단하고 행동하는 태도를 갖추게 되었으며, 이론으로 배운 지식을 실제 간호 현장에 적용하는 능력을 강화할 수 있었습니다.",1
"또한, 놀이기구 소개 페이지를보고 ‘이집트’ 연상이 가능하게끔 디자인 수정본을 제안했습니다.",0
"대부분의 사람들이 평가하는 첫인상은 소심하고 내성적인 성격일것이라 생각합니다 이유는 고집이 세고 말을 함부로 하지 않고 속으로 되뇌이며 말을 하기 때문입니다
직장생활 내에서의 저의 단점은 필요한 사람에게만 친밀성을 가지게 된다는게단점이자 장점이 아닐까 생각합니다
수많은 부서에 마당발 사원으로 모든 인원에게 주목받으며 인맥을 형성하는것도 좋겠지만필요한 사람들과 친해지고 굵은 친밀도를 통해 다른 인물을 소개받는것도 좋은 수단이라 생각합니다",0
창의적인 생각과 행동하는 열정으로 영업 이익 증가에 큰 역할을 하는 직원이 되겠습니다.,0
귀사에 지원하게 된 동기는 개인의 성장이 곧 조직의 발전으로 이어지는 환경 속에서 역량을 발휘하며 함께 성장하고 싶다는 목표에서 비롯되었습니다.,1
"전공 수업에만 머무르지 않고 관심 분야의 온라인 강의와 자격증 공부, 공모전과 대외활동에 적극적으로 참여하며 스스로 역량의 범위를 넓혀 왔습니다.",1
현대자동차는 글로벌 생산 거점을 기반으로 표준화된 공정과 동시에 각 공장의 특성을 반영한 유연한 생산 시스템을 운영하고 있습니다.,1
이와 같은 학업적 노력과 실무 경험을 통해 간호 지식뿐만 아니라 책임감과 현장 대응 능력을 함께 기를 수 있었습니다.,1
지원 직무의 역량을 기르기 위해 대학 시절부터 시스템 설계와 데이터 처리 경험을 꾸준히 쌓아왔습니다.,1
비록 화려하고 큰 앱은 아니었지만 짧은 기간동안 많은 것을 경험할 수 있었고 재밌었습니다.,0
"보험은 한 번의 계약보다 장기적인 신뢰가 중요한 산업인 만큼, 작은 불편 하나를 줄이는 개선이 곧 회사의 경쟁력이 된다고 생각합니다.",1
"하지만, 그 사실이 알려져 있지 않아 안타까웠습니다.",0
저도 아버지의 영향으로 어떤 일을 하기 전에 항상 시간 계획을 세우는 습관을 가졌습니다.,0
"앞으로도 맡은 업무에 대해 끝까지 책임지는 자세로 조직에 기여하며, 신뢰받는 구성원으로 성장해 나가고자 합니다.",1
"단기적인 편함보다 장기적인 신뢰가 더 큰 자산이라는 점을 깨달았고, 이는 이후 학업과 대외활동, 인간관계 전반에서 제 행동의 기준이 되었습니다.",1
"특히 귀사는 다양한 산업 분야에서 축적된 데이터를 바탕으로 혁신적인 솔루션을 제공하며 지속적으로 성장하고 있어, 저의 분석 역량을 실무에 적용하고 더욱 발전시킬 수 있는 최적의 환경이라 생각했습니다.",1
"특히 진료 절차에 익숙하지 않은 고령 환자들을 돕는 과정에서 공감과 배려를 바탕으로 소통하는 방법을 배웠으며, 민원 상황에서도 침착하게 대응하는 역량을 기를 수 있었습니다.",1
저는 콘텐츠 기획 및 서비스 운영 직무에 관심을 가지고 있습니다.,1
"이를 해결하기 위해 저는 주문·제조·수령 과정을 분석하여 병목 구간을 파악하였고, 동료들과 협의하여 메뉴별 사전 준비 시스템을 도입하였습니다.",1
"처음에는 기존 코드와 서버 설정을 점검하며 문제를 해결하려 했지만, 단순 수정만으로는 오류가 반복되었습니다.",1
가장 중요한 것은 기본에 충실히 하는 것입니다.,0
"고객의 만족도는 일회성 거래에서 끝나는 것이 아니라, 지속적인 관계 형성과 브랜드 신뢰로 이어지기 때문에 고객의 입장에서 생각하고 행동하는 태도가 무엇보다 중요하다고 믿고 있습니다.",1
"성적 평가에서도 팀 프로젝트 최우수 평가를 받았으며, 무엇보다 ‘아이디어를 현실로 구현해 실제 누군가의 불편을 줄였다’는 경험이 큰 성취로 남았습니다.",1
나중에 취업이 되지 않으면 이쪽 업계에서 요리사로 함께 일해 보세.”라는 말을 들을 정도로 맡은 일에 책임감과 성실함을 인정받았습니다.,0
하지만 이러한 정보는 별로 도움이 되지 않는다고 생각합니다.,0
이러한 경험들과 꼼꼼하고 체계적인 계획으로 일을 진행하는 평소 성격은 저에게 비서직이 가장 잘 할 수 있고 적성에 맞는다는 확신을 주었습니다.,0
"이 경험을 통해 저는 많은 일을 하는 것보다, 중요한 일에 깊이 몰입하는 태도가 더 큰 성과를 만든다는 것을 배웠습니다.",1
같이 일 했던 친구 중 한명이 한국으로 교환학생을 오면서 제가 사는 곳 관광도 시켜주었습니다.,0
감사합니다.,0
이러한 경험은 프로젝트 중심으로 운영되는 현대엔지니어링의 업무 환경과 잘 부합한다고 생각합니다.,1
"공석에서는 군대처럼 날카로운 매의 눈으로 사생들의 생활을 점검했지만, 사석에서는 친구처럼 언니처럼 행동하며 그들의 요구사항을 기숙사 측에 즉시 전달해주고 개선했기 때문입니다.",0
이후 관련 산업과 기업을 꾸준히 탐색하며 금호아시아나그룹이 추구하는 고객 중심 가치와 전문성에 공감하게 되었습니다.,1
대학 시절 전공 수업에서 배운 개념을 바탕으로 개인 프로젝트와 팀 프로젝트를 병행하며 실습 경험을 쌓았습니다.,1
특히 작은 아이디어 하나가 이용자의 참여도와 만족도를 크게 변화시키는 경험을 통해 콘텐츠 기획의 매력을 실감하였습니다.,1
“사람이 재산이다.” 라는 마인드를 가진 저는 주변 사람과 소통하는 것이 좋습니다.,0
"저에게 간호학은 사람의 삶과 가장 가까운 곳에서 도움을 줄 수 있는 학문이자, 책임감과 따뜻한 마음을 함께 실천할 수 있는 길입니다.",1
직접 체험자가 되어 니즈를 파악했기에 가능했습니다.,0
"이야기를 유쾌하고, 재미있게 하는 성격 덕에 주변에 친구들이 많습니다.",0
"전공 과목에서는 매 학기 성실한 출석과 체계적인 복습을 통해 기초 이론부터 심화 내용까지 꾸준히 학습하였으며, 팀 프로젝트와 발표 과제를 통해 실무적 사고력과 문제 해결 능력을 키워왔습니다.",1
"밤낮으로 데이터를 정제하고 분석 구조를 다시 설계해야 했지만, 각 데이터의 출처와 한계를 명확히 정리하며 신뢰도를 확보했습니다.",1
"이 경험을 통해 저는 조직 내에서 주도적으로 문제를 발견하고 해결책을 제시하는 역할의 중요성을 배웠으며, 구성원의 성장을 돕는 과정에서 큰 보람을 느꼈습니다.",1
경제성장의 혜택을 모든 국민이 공유하면서 지속적이고 건전한 국가발전을 도모하기 위해 앞으로 매우 중요시 될 것입니다.,0
"또한 개인적으로는 링커리어를 포함한 여러 채용 플랫폼을 비교 분석하며, 정보 구성 방식과 사용자 동선을 정리해보는 연습을 했습니다.",1
당시 저는 팀 내에서 자료 조사와 전략 기획을 담당하며 전체 방향 설정에 기여하였습니다.,1
운동하는 것을 좋아하지 않고 힘든 일을 꺼리는 성격을 지니고 있었기 때문에 적응할 때까지 매우 힘들었습니다.,0
"<동아리 회계를 통해 책임감을 배우다>

대학교3학년 때, 동아리 회원들의 추천으로 중앙동아리 리셉션의 총무를 맡아, 동아리의 자금을 관리했던 일입니다.",0
"[사용자의 입장에서 생각하고 발전시켜라]
'서비스 디자인 워크숍'에 참가하여 연희동에 위치한 단청 공방의 체험 서비스를 실질적으로 개선하였습니다.",0
두 달간의 인턴 생활을 담은 5분짜리 영상을 제작하라는 임무를 받았습니다.,0
저의 생활신조는 “작은 약속 하나도 소홀히 하지 말자”입니다.,1
이후 어떤 어려운 과제에 직면하더라도 끈기 있게 도전하며 해결하는 자세를 유지하고 있습니다.,1
"그 결과 고객 또한 저를 배려하였고, 이해를 해주었습니다.",0
"대학교 2학년 때 진로에 대한 고민을 계기로 데이터 분석 분야에 관심을 갖게 되어, 전공과 무관한 온라인 코딩 및 통계 분석 강의에 자발적으로 참여한 경험이 있습니다.",1
"기계공학을 전공하면서 열, 유체 및 진동 해석 부분에 많은 관심과 두각을 나타냈고, 이런 저의 능력을 잘 표출할 수 있는 분야입니다.",0
"특히 물류, 유통, 제조 등 다양한 산업군에 최적화된 제품을 지속적으로 개발하며 시장을 확대해 나가는 모습에 깊은 인상을 받았습니다.",1
계절과 상관없는 아이템을 생각하였습니다.,0
"해당 동아리는 지역 아동센터를 대상으로 학습 멘토링과 문화 체험 프로그램을 운영하는 단체로, 저는 정기 멘토로 참여하며 아이들의 학습과 정서적 성장을 돕는 역할을 맡았습니다.",1
이는 비서로서 사무 처리를 할 때 저만의 비밀병기가 될 것이라 생각합니다.,0
USB 허브는 하나의 포트로 여러 기기를 연결해 각자의 기능을 원활하게 작동하도록 돕는 역할을 합니다.,1
이후 소비자원을 통해 세탁물 접수를 시인하는 녹취도 증거가 된다는 것을 알아내고는 바로 세탁물 수령을 인정할 예상 대본을 준비했습니다.,0
"카카오엔터테인먼트에 지원하게 된 가장 큰 이유는 콘텐츠를 통해 사람들의 일상에 즐거움과 위로, 그리고 새로운 가치를 전달하는 기업의 방향성에 깊이 공감했기 때문입니다.",1
무엇보다 함께 성장하고 변화를 만들어가는 과정 속에서 강한 유대감과 소속감을 느끼게 되었습니다.,1
"업무 능력 및 석사 시절 연구 경험, 저의 역량 등을 바탕으로 상대적으로 저렴한 국내 재료를 활용한 연구를 통해 단가절감 및 효율향상 등, LG디스플레이의 기술력 확보에 노력을 기울이겠습니다.",0
세 가지 어려움에도 당황하지 않고 하나씩 문제를 해결해 나갔던 ‘침착성’이 과제를 성공적으로 수행할 수 있었던 이유라고 생각합니다.,0
"단기적으로는 직무 관련 전문성을 체계적으로 쌓아 실무에 빠르게 기여하는 인재로 자리 잡고, 장기적으로는 경험과 지식을 바탕으로 조직의 방향을 함께 고민할 수 있는 인재로 발전하는 것이 목표입니다.",1
객관적이고 정확한 정보를 바탕으로 신사업의 당위성을 마련하겠습니다.,0
명장과 함께 프로그램을 수료했다는 의미를 극대화하기 위해 포토존도 마련하였습니다.,0
처음에는 불가능한 도전이라는 생각이 들었습니다.,0
"특히 설계 의도가 실제 양산 품질로 이어지기 위해서는 생산 현장에서의 정교한 공정 관리와 지속적인 개선이 필수적이라는 점에 관심을 갖게 되었고, 자연스럽게 생산기술 직무에 도전하고 싶다는 목표를 갖게 되었습니다.",1
"그러나 다양한 전공과 성향을 가진 팀원들과 함께 과제를 수행하며, 제 방식이 항상 최선은 아니라는 한계를 처음으로 체감하게 되었습니다.",1
"특히 삼성화재처럼 금융서비스를 제공하는 기업의 경우, 기업 재무 안정성과 기업의 긍정적 이미지는 고객의 상품선택에서 큰 영향을 주는 요인이 될 수 있습니다.",0
학교생활에서는 학급 임원과 동아리 활동을 통해 공동체 의식과 협업의 가치를 배울 수 있었습니다.,1
많은 현대인이 누구보다 가까워야 할 가족과 소통의 부재를 앓고 있었기 때문입니다.,0
"CJ제일제당에 합류해 이루고 싶은 성장은 **식품과 바이오 사업의 가치를 현장에서 체감하고, 이를 성과로 연결할 수 있는 실무형 인재로의 성장**입니다.",1
"그 결과 팀 분위기는 안정되었고, 프로젝트 역시 좋은 평가로 마무리될 수 있었습니다.",1
"[불안한 전망에도 끊임없이 도전하는 창의적 기업 NHN Ent.]

페이코 티머니, KB국민은행과 CGV와 함께하는 핀테크 사업, 더소울로 차이나조이 참가, 토스트캠으로 대표되는 하드웨어 시장 진출 등 시대의 흐름을 읽어 사업 분야를 넓혀나가는 도전의식이 저에게 입사동기를 불러일으켰습니다.",0
멍부는 멍청하지만 부지런하다라는 속어입니다.,0
"그 결과 수업의 질과 운영 효율성이 크게 향상되었고, 아동들의 학습 만족도와 참여도 역시 눈에 띄게 높아졌습니다.",1
"앞으로도 저는 현재의 역량에 만족하지 않고, 직무 전문성과 문제 해결 능력을 지속적으로 강화하며 성장하고자 합니다.",1
Polymer의 낮은밀도를 유지하면서 Metal의 강도를 가진 재료라는 점이 아주 흥미로웠습니다.,0
"결국, 원하는 일자리를 구할 수 있었고 한국으로 돌아온 뒤에도 같이 일했던 사장님 그리고 동료들과 계속해서 연락을 취하고 있습니다.",0
"귀사는 신규 간호사를 위한 단계별 교육 프로그램과 멘토링 제도를 통해 현장 적응을 적극적으로 지원하고 있으며, 환자 중심의 간호 문화를 바탕으로 구성원 간 신뢰를 형성하고 있다는 점에서 저의 기준과 잘 부합한다고 판단하였습니다.",1
"시대의 트렌드를 적극 수용하고, 열린 마인드로 교류하는 블로그를 3년 넘게 운영 중입니다.",0
"기술적인 용어는 최대한 쉽게 풀어 설명하고, 결정된 내용은 문서로 공유해 오해를 줄였습니다.",1
지원 직무와 관련해 쌓아온 경험 중 가장 의미 있었던 것은 식품 제조 공정 개선을 주제로 한 산학 협력 프로젝트입니다.,1
인생에서 가장 성공적으로 이루었던 일과 그것으로부터 얻은 것은 무엇입니까?,0
"당시 경험을 통해 깨달은 점이 있다면 소통을 위해서 여러 방법이 있지만 가장 선호하는 방법이 상대방의 의견들을 경청한 후, 의견을 종합하여 조율하는 것이 제가 가장 선호하는 방법이었으며, 가장 효율적인 성과를 낸 방법이었습니다.",0
"이러한 분석력과 실행력은 현장에서 발생하는 다양한 이슈를 빠르게 파악하고, 안정적인 직무 수행으로 이어질 수 있다고 생각합니다.",1
"궁극적으로는 변화하는 환경 속에서도 꾸준히 성장하며, 회사와 함께 발전하는 인재로 자리매김하는 것입니다.",1
"특히 임상 실습 당시 귀사 간호사 선생님들의 체계적인 업무 분담과 친절한 지도 모습을 보며, 이곳에서라면 전문 간호사로 성장할 수 있겠다는 확신을 갖게 되었습니다.",1
이 과정에서 AI 기반 추천 알고리즘을 활용해 고객의 구매 주기와 선호도를 학습하면 불필요한 추천을 줄이고 만족도를 높일 수 있습니다.,1
"금호타이어에 입사하여서도 고객분들이나 다른 직원분들을 대할 때, 항상 정직하게 임하여 신뢰받는 사원이 되도록 하겠습니다.",0
"[수업에서 꿈으로]

학과에서 전공수업인 고분자 화학수업을 통해 GRP(Glass fiber Reinforced Plastic)에 대해 접할 기회가 있었습니다.",0
"이 경험은 제게 성장은 혼자 앞서 나가는 것이 아니라, 함께 가는 방법을 배우는 과정이라는 인식을 심어주었습니다.",1
이렇게 형성된 저의 목표지향적 마인드는 LG하우시스에 입사 후 수율달성에 큰 도움이 될 것이라 확신합니다.,0
그 다음엔 서블릿으로 구현해야하는 부분이 어려움으로 다가왔습니다.,0
"또한, 합주시간이 부족하다고 느껴, 청소와 힘든 일을 도맡아 하며 잘하는 친구들에게 추가연습을 부탁하였습니다.",0
특유의 친화력과 의사소통 능력이 저의 특기라고 생각합니다.,0
고객의 잠재된 소비요구까지 파악하는 대용량 데이터처리 분야의 전문가로 성장하고 싶습니다.,0
"이후 운영진으로부터 책임감 있게 업무를 수행했다는 평가를 받을 수 있었으며, 저 역시 작은 역할이라도 주인의식을 갖고 임하는 자세의 중요성을 다시 한번 깨닫게 되었습니다.",1
이러한 모습은 제가 팀 활동과 대외활동을 하며 지향해온 태도와도 닮아 있다고 느꼈습니다.,1
"그 후 삼성물산(건설)에 대한 호기심을 해결하기 위하여 삼성에서 주관하는 멘토링에 참여하여 삼성물산(건설)에서 어떤 것을 중요하게 생각하는지, 어떤 부분에 경쟁력을 가지는 것이 좋은지 등 많은 것에 해답을 찾아 하나씩 준비해 나갔습니다.",0
"저의 친한 친구들은 저를 보고 항상 열심히 살며, 힘차 보인다고 하며 체험 삶의 현장과 같다고 합니다.",0
또한 제 연구 분야와 관련한 동향을 파악하고 새로운 아이디어를 얻기 위해 지속적으로 논문을 읽고 세미나에 참석하고 있습니다.,0
이를 위해서는 먼저 저 자신이 소통할 수 있는 상태가 되어있어야 한다고 생각합니다.,0
"이후 어떤 역할을 맡든 끝까지 책임을 다하며, 주변에 긍정적인 영향을 미치는 구성원이 되고자 노력하고 있습니다.",1
"단순한 아이디어 제시에 그치지 않고, 고객 인터뷰와 데이터 분석을 바탕으로 현실적인 사업 모델을 구축하였으며, 정기적인 회의를 통해 방향성을 지속적으로 점검하였습니다.",1
"이 경험을 통해 저는 팀워크란 개인의 능력을 조율해 하나의 방향으로 연결하는 과정이며, 소통과 정리가 그 핵심이라는 것을 배웠습니다.",1
지원한 직무 분야의 전문성을 키우기 위해 가장 꾸준히 노력했던 경험은 **이론과 실무의 간극을 줄이기 위한 반복적인 학습과 적용 과정**이었습니다.,1
끊임없는 자기 확장을 통해 회사와 함께 성장해 나가겠습니다.,1
"2008년, 논현동에 있는 와인바에서 정직원으로 10개월간 근무하였습니다.",0
"생활의 편리함부터 감성적인 충족까지, 이성과 감성을 겸비한 스마트 홈을 만들겠습니다.",0
영화 ‘나 우 유 씨 미’ 에서 “신뢰와 믿음으로서 산도 움직인다.” 라는 말처럼 자기 일에 대한 믿음과 열정을 가진 제가 도레이BSF人의 마음을 움직여 보고 싶습니다.,0
한 일에 집중하게 되면 주위에 신경을 못 써 자주 내용을 잊어버려 붙었습니다.,0
"저는 단순히 디자인이나 기능을 추가하기보다, 과제의 목적과 평가 기준을 다시 정리하며 프로젝트의 본질을 되짚었습니다.",1
"저는 스마트폰과 웨어러블 기기를 장기간 사용하면서, 단순한 기능 만족도를 넘어 배터리 사용 패턴, 연동 안정성, 사용자 인터페이스의 흐름에 관심을 갖게 되었습니다.",1
외할머니께서는 텃밭의 채소를 이용해 건강한 음식을 만들어 주셨습니다.,0
"이베이코리아에서도 여러 부서와 파트너, 고객을 연결하는 USB 허브처럼, 맡은 자리에서 소통과 실행을 통해 조직의 성과를 높이는 인재로 성장하고자 합니다.",1
"또한 역할을 개인의 강점에 맞게 재분배하고, 온라인 협업 도구를 활용해 진행 상황을 공유하는 체계를 마련하였습니다.",1
"저는 이러한 변화의 과정에서 기술과 현장을 잇는 역할을 수행하며, 작은 개선이라도 실제 성과로 연결하는 구성원이 되고 싶어 지원하게 되었습니다.",1
그렇기 때문에 저는 매사에 일부로라도 노력하는 모습을 보입니다.,0
카드는 고객의 생활에 큰 도움이 되리라 생각합니다.카드에서 카드를 통해 고객들의 생활의 편리를 돕겠습니다.,0
대학 시절 팀 프로젝트와 대외활동을 수행하며 항상 기한을 지키고 맡은 역할을 성실히 수행하는 것을 최우선으로 삼아왔습니다.,1
저는 이러한 카카오뱅크의 방향성에 가장 잘 부합하는 역량으로 **데이터 기반 문제 정의와 사용자 관점의 개선 능력**을 갖추고 있다고 생각해 지원 직무에 지원하게 되었습니다.,1
"전자회로와 센서, 프로그래밍 전문서적과 설명서 등을 끊임없이 읽고 실험하며 실패를 개선해 나갔고 결국 문제를 해결할 수 있었습니다.",0
제가 생각하는 가장 최고의 가치는 스스로 목표를 세우고 능동적이고 항상 도전적인 사고방식을 가지며 성공을 위하여 발로 뛰는 사람입니다.,0
성장 과정에서 가장 가치 있게 한 행동은 문제를 외면하지 않고 끝까지 책임지려는 태도를 몸에 익힌 것입니다.,1
"대부분이 각자의 부담을 줄이려는 상황에서, 저는 남은 과업을 정리하고 팀원들과 다시 역할을 조율하며 프로젝트를 끝까지 완수하는 선택을 했습니다.",1
이러한 직무 특성은 저의 성향과 역량을 적극적으로 발휘할 수 있는 분야라고 느꼈습니다.,1
"이를 계기로 단순한 팬을 넘어, 플랫폼 관점에서 콘텐츠를 바라보는 시각을 갖추게 되었습니다.",1
"[국내에서 이룬 영어회화정복]
 
한국에서 영어공부를 하기가 쉽지 않다는 것을 알고 있었지만, 해외에 가지 않고도 영어회화를 하는 것이 가능하다고 생각했습니다.",0
하지만 현실에 안주하지 않고 꾸준히 신사업에 도전하는 LG하우시스의 첫인상에 한눈에 반했습니다.,0
제가 직접 체험자가 되어 공방에 들어가는 시점부터 나오는 시점까지의 여정을 시각화하여 분석했습니다.,0
또한 주변의 조언을 적극적으로 수용하며 보다 효율적인 방향으로 개선하고자 노력하고 있습니다.,1
"이 경험은 결과보다 과정을 설계하는 힘이 중요하다는 인식을 심어주었고, 이후 도전 앞에서 더 치밀하게 준비하는 태도의 기반이 되었습니다.",1
이러한 환경 속에서 기술과 현장을 연결하는 역할을 수행하며 성장하고자 지원하게 되었습니다.,1
"학부생일 때 안드로이드와 게임에 관심이 많아서, 혼자서 커버할 수 있는 수준의 작은 안드로이드 앱을 만들어 보고자 했습니다.",0
"당시 코로나 이후 비대면 수요는 급증했지만, 동네 상점들은 여전히 전화 주문이나 수기 장부에 의존하고 있었고, 이 불편을 해결해 보고 싶다는 문제의식에서 도전을 시작했습니다.",1
"그리하여 현재 공과대학 학생회장으로 활동하고 있는 중에도 구성원들에게 평소에는 친형처럼, 일을 할 때는 듬직한 리더가 되어 제 구성원들에게 신뢰를 받는 사람이 될 수 있었습니다.",0
제가 지금 느끼는 NHN Ent.는 '굉장히 도전적이고 혁신적인 기업'이라는 이미지를 제가 진행하는 프로젝트를 보고 미래의 대학생들이 느끼게 하고 싶습니다.,0
"앞으로도 지속적인 학습과 자기계발을 통해 전문성을 강화하며, 환자에게 신뢰받는 간호사로 성장하고자 합니다.",1
"그 결과 발표의 완성도를 높일 수 있었고, 최종적으로 우수상을 수상하는 성과를 거둘 수 있었습니다.",1
대학교 재학 중 교내 카페 아르바이트를 하며 고객 만족을 위해 적극적으로 노력했던 경험이 있습니다.,1
"이후 어떤 환경에서도 주어진 상황을 분석하고, 현실적인 대안을 마련하려는 습관이 형성되었습니다.",1
그렇기에 야근과 조기출근도 체력면에서 무리가 없을 것이라 자부합니다.,0
그래서 전 현실에 안주하지 말고 더 행복지고 더 나은 목표를 위해 항상 노력합니다.,0
이러한 저를 보고 타인들은 멍청한 것인지 부지런하고 꼼꼼한 건지 모르겠다고 합니다.,0
"대학 시절 지인들과 함께 지역 기반 중고 거래 서비스를 기획해 실제 출시를 목표로 준비했지만, 수요 검증과 역할 분담이 부족한 상태에서 개발을 서두른 것이 문제였습니다.",1
